A,C,D,E,F,G,H,I,K,L,M,N,P,Q,R,S,T,V,W,Y,length,molecular_weight,isoelectric_point,gravy,instability_index,aromaticity,gh_motif_count,Accession,Protein_Name,Organism,Sequence
5.48172757475083,1.495016611295681,5.647840531561462,3.1561461794019934,3.6544850498338874,9.634551495016613,1.1627906976744187,4.817275747508306,5.149501661129568,4.983388704318937,2.6578073089700998,9.46843853820598,2.990033222591362,5.3156146179401995,2.3255813953488373,9.46843853820598,8.803986710963455,6.810631229235881,1.6611295681063125,5.3156146179401995,602.0,65922.14070000013,5.49493236541748,-0.495016611295681,27.429750830564778,0.10631229235880399,10.0,P83513,"Bifunctional xylanase/deacetylase [Includes: Endo-1,4-beta-xylanase 11A (EC 3.2.1.8) (Xylanase XynT) (Xylanase xyn11A); Acetylated xylan deacetylase (EC 3.5.1.-)]",Pseudobutyrivibrio xylanivorans,MSATLLVPSMTVKAADTIYNNKTGNQDGYDYELWKDTGNTSMTLNAGGTFDCSWSNINNALFRKGKKFDSTQTYQQIGNITFDYGCDYRPNGNSYLCVYGWTVDPLVEYYIVDSWGTWRPPGGTPKGQIQVDGGTYDVYETTRYNAPSIQGDTTFKQYFSVRTSKRTSGTISVSEHFKAWERMGMRCGNFMKPALNIEGYQSSGSASVYKNNMTIGGSSSSSGNQGGNQGGNTGNENAGNNLVTVADADKIQCETMTKSGQYTGNISSPFNGVALYANNDAVKYTQYFASGTHDFTLRGCSNNNKMARVDLKIGGQNKGTFYYGDSYPAEYTIKNVSHGTGNQTIELVVTADDGQWDAYLDYFNNSVEPGCSLVPGAVVVLVALGSSSNTGNNSGTNTQNQKLIALTFDDGPSSTTSQVLDMLEKYNVKATFFLIGQNVNSNTASIVQRQVKMGCELACHSYTHEDMTKMNASQIRNQIDWTASAIKNTAGVDVKFFRPPYISVNNTMYQNIDLPFIQGSMHNDWESSTSASQRVNSVLSSAKDGDIILLHDFQGNSQTVSALPQIIEGLKNQGYTFVTVSELFEMKGVNPNVEYKIWSNVK
10.891089108910892,1.155115511551155,7.2607260726072615,3.7953795379537953,3.3003300330033,5.9405940594059405,1.9801980198019802,5.2805280528052805,4.29042904290429,6.765676567656766,2.31023102310231,6.435643564356436,3.3003300330033,3.6303630363036308,2.145214521452145,12.046204620462046,7.590759075907591,7.425742574257425,1.65016501650165,2.8052805280528053,606.0,64883.27020000023,4.692706871032715,-0.17607260726072624,39.13466996699679,0.07755775577557755,12.0,Q59675,"Endo-beta-1,4-xylanase Xyn10C (Xylanase 10C) (EC 3.2.1.8) (XYLF)",Cellvibrio japonicus (Pseudomonas fluorescens subsp. cellulosa),MKKIQQLLMLSLISSTLIACGGGGGGGSTPTTSSSPQSSSPASTPSSASSSSIISSSSLSSSLSSSSLSSSSLSSSSASSVSSSSVAASEGNVVIEVDMANGWRGNASGSTSHSGITYSADGVTFAALGDGVGAVFDIARPTTLEDAVIAMVVNVSAEFKASEANLQIFAQLKEDWSKGEWDCLAASSELTADTDLTLTCTIDEDDDKFNQTARDVQVGIQAKGTPAGTITIKSVTITLAQEAYSANVDHLRDLAPSDFPIGVAVSNTDSATYNLLTNSREQAVVKKHFNHLTAGNIMKMSYMQPTEGNFNFTNADAFVDWATENNMTVHGHALVWHSDYQVPNFMKNWAGSAEDFLAALDTHITTIVDHYEAKGNLVSWDVVNEAIDDNSPANFRTTDSAFYVKSGNSSVYIERAFQTARAADPAVILYYNDYNIEQNNAKTTKMVDMVKDFQARSIPIDGVGFQMHVCMNYPSIANISAAMKKVVDLGLLVKITELDVAVNQPHCDAYPANKINPLTEAAQLAQKKRYCDVVKAYLDTVPVNQRGGISVWGTTDANTWLDGLYREQFEDEKISWPLLFDNNYNDKPALRGFADALIGTQCTNTH
13.636363636363635,1.2396694214876034,5.785123966942149,2.8925619834710745,4.545454545454546,8.677685950413224,1.4462809917355373,1.859504132231405,3.925619834710744,5.1652892561983474,1.2396694214876034,4.75206611570248,6.8181818181818175,4.545454545454546,4.132231404958678,6.198347107438017,10.12396694214876,8.47107438016529,2.479338842975207,2.066115702479339,484.0,51290.568400000135,6.185298728942871,-0.26487603305785157,22.20227272727272,0.09090909090909091,6.0,P07986,"Exoglucanase/xylanase [Includes: Exoglucanase (EC 3.2.1.91) (1,4-beta-cellobiohydrolase) (Beta-1,4-glycanase CEX) (Exocellobiohydrolase); Endo-1,4-beta-xylanase B (Xylanase B) (EC 3.2.1.8)]",Cellulomonas fimi,MPRTTPAPGHPARGARTALRTTRRRAATLVVGATVVLPAQAATTLKEAADGAGRDFGFALDPNRLSEAQYKAIADSEFNLVVAENAMKWDATEPSQNSFSFGAGDRVASYAADTGKELYGHTLVWHSQLPDWAKNLNGSAFESAMVNHVTKVADHFEGKVASWDVVNEAFADGDGPPQDSAFQQKLGNGYIETAFRAARAADPTAKLCINDYNVEGINAKSNSLYDLVKDFKARGVPLDCVGFQSHLIVGQVPGDFRQNLQRFADLGVDVRITELDIRMRTPSDATKLATQAADYKKVVQACMQVTRCQGVTVWGITDKYSWVPDVFPGEGAALVWDASYAKKPAYAAVMEAFGASPTPTPTTPTPTPTTPTPTPTSGPAGCQVLWGVNQWNTGFTANVTVKNTSSAPVDGWTLTFSFPSGQQVTQAWSSTVTQSGSAVTVRNAPWNGSIPAGGTAQFGFNGSHTGTNAAPTAFSLNGTPCTVG
5.683563748079877,0.4608294930875576,4.45468509984639,3.5330261136712746,3.5330261136712746,10.906298003072196,0.7680491551459293,7.834101382488479,2.61136712749616,4.147465437788019,1.5360983102918586,7.2196620583717355,4.301075268817205,3.0721966205837172,3.686635944700461,10.75268817204301,10.44546850998464,7.526881720430108,1.5360983102918586,5.990783410138248,651.0,70149.83860000031,5.1008108139038075,-0.22718894009216622,32.47342549923198,0.11059907834101383,9.0,Q8GJ44,"Endo-1,4-beta-xylanase A (EC 3.2.1.8) (1,4-beta-D-xylan xylanohydrolase A) (Xylanase 11A) (Xyn11A)",Thermoclostridium stercorarium (Clostridium stercorarium),MKRKVKKMAAMATSIIMAIMIILHSIPVLAGRIIYDNETGTHGGYDYELWKDYGNTIMELNDGGTFSCQWSNIGNALFRKGRKFNSDKTYQELGDIVVEYGCDYNPNGNSYLCVYGWTRNPLVEYYIVESWGSWRPPGATPKGTITVDGGTYEIYETTRVNQPSIDGTATFQQYWSVRTSKRTSGTISVTEHFKQWERMGMRMGKMYEVALTVEGYQSSGYANVYKNEIRIGANPTPAPSQSPIRRDAFSIIEAEEYNSTNSSTLQVIGTPNNGRGIGYIENGNTVTYSNIDFGSGATGFSATVATEVNTSIQIRSDSPTGTLLGTLYVSSTGSWNTYQTVSTNISKITGVHDIVLVFSGPVNVDNFIFSRSSPVPAPGDNTRDAYSIIQAEDYDSSYGPNLQIFSLPGGGSAIGYIENGYSTTYNNVNFANGLSSITARVATQISTSIQVRAGGATGTLLGTIYVPSTNSWDSYQNVTANLSNITGVHDITLVFSGPVNVDYFVFTPANVNSGPTSPVGGTRSAFSNIQAEDYDSSYGPNLQIFSLPGGGSAIGYIENGYSTTYKNIDFGDGATSVTARVATQNATTIQVRLGSPSGTLLGTIYVGSTGSFDTYRDVSATISNTAGVKDIVLVFSGPVNVDWFVFSKSGT
6.887052341597796,1.1019283746556474,6.0606060606060606,6.749311294765841,5.647382920110193,9.228650137741047,2.203856749311295,5.234159779614325,8.677685950413224,6.0606060606060606,3.3057851239669422,5.096418732782369,4.820936639118457,3.1680440771349865,4.40771349862259,4.132231404958678,4.40771349862259,6.473829201101928,2.203856749311295,4.132231404958678,726.0,82287.85630000047,7.900358772277833,-0.48622589531680255,36.533085399449156,0.11983471074380166,19.0,D5EY13,"Endo-1,4-beta-xylanase/feruloyl esterase [Includes: Endo-1,4-beta-xylanase (EC 3.2.1.8); Feruloyl esterase (EC 3.1.1.73) (Ferulic acid esterase)]",Xylanibacter ruminicola (strain ATCC 19189 / DSM 19721 / CIP 105475 / JCM 8958 / 23) (Prevotella ruminicola),MKKLLVALSLIAGSLTASAQWGRPVDYAAGPGLKDAYKDYFTVGVAVNKFNISDPAQTAIVKKQFNSVTAENAWKPGEIHPKEGVWNFGLADSIANFCRENGIKMRGHCLCWHSQFADWMFTDKKGKPVKKEVFYQRLREHIHTVVNRYKDVVYAWDVVNEAMADDGRPFEFVDGKMVPASPYRQSRHFKLCGDEFIAKAFEFAREADPTGVLMYNDYSCVDEGKRERIYNMVKKMKEAGVPIDGIGMQGHYNIYFPDEEKLEKAINRFSEIVNTIHITELDLRTNTESGGQLMFSRGEAKPQPGYMQTLQEDQYARLFKIFRKHKDVIKNVTFWNLSDKDSWLGVNNHPLPFDENFKAKRSLQIIRDFDAAMDNRKPKEDFVPNPMNQPGQEYPMVNSEGYARFRVEAPDAKSVIVSLGLGGRGGTVLRKDKNGVWTGTTEGPMDPGFHYYHLTIDGGVFNDPGTHNYFGSCRWESGIEIPAKDQDFYAYRKDINHGNIQQVTFWSESTGKMQTANVYLPYGYGKVVKGKQERYPVLYLQHGWGENETSWPVQGKAGLIMDNLIADGKIKPFIVVMAYGLTNDFKFGSIGKFTAEEFEKVLIDELIPTIDKNFLTKADKWNRAMAGLSMGGMETKLITLRRPEMFGYWGLLSGGTYMPEEIKDPKAVKYIFVGCGDKENPEGINKSVEALKAAGFKAEGLVSEGTAHEFLTWRRCLEKMAQSLFK
11.637931034482758,0.8620689655172413,6.68103448275862,4.741379310344827,3.2327586206896552,10.344827586206897,2.8017241379310347,4.094827586206897,2.8017241379310347,6.0344827586206895,1.5086206896551724,3.4482758620689653,4.956896551724138,4.525862068965517,4.741379310344827,5.603448275862069,8.620689655172415,7.758620689655173,2.3706896551724137,3.2327586206896552,464.0,49867.7888000001,5.103823280334471,-0.29073275862069037,30.009482758620674,0.08836206896551724,12.0,B4XVN1,"Endo-1,4-beta-xylanase A (Xylanase A) (EC 3.2.1.8)",Streptomyces sp,MFRHHPTRGRRTAGLLAAALATLSAGLTAVAPAHPARADTATLGELAEAKGRYFGSATDNPELPDTQYTQILGSEFSQITVGNTMKWQYTEPSRGRFDYTAAEEIVDLAESNGQSVRGHTLVWHNQLPSWVDDVPAGELLGVMRDHITHEVDHFKGRLIHWDVVNEAFEEDGSRRQSVFQQKIGDSYIAEAFKAARAADPDVKLYYNDYNIEGIGPKSDAVYEMVKSFKAQGIPIDGVGMQAHLIAGQVPASLQENIRRFADLGVDVALTELDIRMTLPRTAAKDAQQATDYGAVVEACLVVSRCVGITVWDYTDKYSWVPSVFPGQGAALPWDEDFAKKPAYHAIAAALNGGSPAPGGNCTATYRVTSQWQGGFTAEITVGNDHTAPITGWTVTWTLSSGQSISHMWNGNLTVNGQDVTVRDVGYNGTLGGNGSTTFGFQGEGVADTPADVTCTPGRPSGTSA
6.959152798789712,2.26928895612708,3.3282904689863844,2.118003025718608,2.4205748865355523,14.37216338880484,1.6641452344931922,3.479576399394856,1.361573373676248,4.992435703479576,1.2102874432677762,10.136157337367626,2.5718608169440245,5.143721633888049,3.6308623298033282,13.767019667170954,7.413010590015129,6.202723146747353,2.26928895612708,4.689863842662632,661.0,69192.08820000029,6.405947685241699,-0.4576399394856273,31.956323751891084,0.09379727685325263,6.0,Q59674,"Bifunctional xylanase/xylan deacetylase (XYLE) [Includes: Endo-1,4-beta-xylanase Xyn11A (Xylanase 11A) (EC 3.2.1.8); Acetylxylan deacetylase (EC 3.1.1.72)]",Cellvibrio japonicus (Pseudomonas fluorescens subsp. cellulosa),MKLPTLGKCVVRTLMGAVALGAISVNAQTLSSNSTGTNNGFYYTFWKDSGDASMTLLSGGRYQSSWGNSTNNWVGGKGWNPGNNSRVISYSGSYGVDSSQNSYLALYGWTRSPLIEYYVIESYGSYNPASCSGGTDYGSFQSDGATYNVRRCQRVNQPSIDGTQTFYQYFSVRNPKKGFGNISGTITFANHVNFWASKGLNLGNHNYQVLATEGYQSRGSSDITVSEGTSGGGTSSVGGASSSVNSSTGGGSSGGITVRARGANGSEHINLRVGGAVVANWTLGTSFQNYLYSGNASGDIQVQFDNDASGRDVVVDYIIVNGETRQAEDMEHNSAVYANGRCGGGSYSENMHCNGEIGFGYTYDCFSGNCSGGNGGSNSSAGNSSSGNTGGGGSNCSGYVGITFDDGPNSNTATLVNLLRQNNLTPVTWFNQGNNVASNAHLMSQQLSVGEVHNHSYTHPHMTSWTYQQVYDELNRTNQAIQNAGAPKPTLFRPPYGELNSTIQQAAQALGLRVVTWDVDSQDWNGASAAAIANAANQLQNGQVILMHDGSYTNTNSAIAQIATNLRAKGLCPGRIDPNTGRAVAPSSSGGSSSVALSSSSRSSSSAGGNTGGNCQCNWWGTFYPLCQTQTSGWGWENSRSCISTSTCNSQGTGGGGVVCN
7.352941176470589,0.8823529411764706,2.6470588235294117,1.1764705882352942,2.6470588235294117,14.705882352941178,1.7647058823529411,3.5294117647058822,2.0588235294117645,4.705882352941177,1.7647058823529411,7.352941176470589,4.705882352941177,2.941176470588235,5.88235294117647,10.0,12.352941176470589,5.0,3.823529411764706,4.705882352941177,340.0,36244.52710000001,9.899845695495603,-0.48205882352941243,40.106500000000004,0.11176470588235295,1.0,D7EZJ3,"Endo-1,4-beta-xylanase B (Xylanase B) (EC 3.2.1.8)",Streptomyces sp,MHDAPAQRKRRRPGRIGPLPRSSRFARLKLLIASACAALLATLALPPGAAHAQTVTSNQTGNHNGYFYSFWTDAPGTVSATMGSGGNYSTSWRNTGNFVIGKGWSTGGRRTVTYSGSFNPSGNAYLTLYGWSRNPLVEYYIVDNWGTYRPTGTFKGTVTTDGGTYDIYQTTRYNAPSIEGNKTFNQYWSVRQQKRTGGTITTGNHFDAWARAGMQLGSHDYMIMATEGYQSSGSSNITVGGTSGGGGGGGGGGGCTATLSAGERWDDRYNLNVSVSGSSNWTVTMNVPSPATILSTWNITATWPSSQVLVARPNGSGNNFGVTIKHNGNWTWPTVSCSTG
8.695652173913043,0.9316770186335404,3.260869565217391,1.8633540372670807,2.484472049689441,14.440993788819876,1.2422360248447204,2.639751552795031,1.2422360248447204,4.968944099378882,1.7080745341614907,5.590062111801243,4.192546583850932,5.124223602484472,4.503105590062112,12.888198757763975,12.422360248447205,5.745341614906832,2.639751552795031,3.4161490683229814,644.0,66580.76790000034,8.631430244445802,-0.3975155279503104,42.236692546583946,0.08540372670807453,6.0,P54865,"Bifunctional xylanase/deacetylase [Includes: Endo-1,4-beta-xylanase D (XYLD) (Xylanase D) (EC 3.2.1.8); Acetylated xylan deacetylase (EC 3.5.1.-)]",Cellulomonas fimi,MSDSFEATRTTRRRRPLQALTGLLAAGALVAGALAAASPAAAAVTSNTTGTHDGYFYSFWTDSPGSVSMDLNSGGGYTRWSNTGNFVAGKGWSTGGRKTVSYSGQFNPSRNAYLTLYGWTQSPLVEYYIVDSWGTYRPTGTFMGTVTSDGGTYDIYRTQRVNKPSIEGDSSTFYQYWSVRQQKRTGGTITSGNHFDAWASKGMNLGRHNYMIMATEGYQSSGSSSITVSEGSGGGGGGDTGGGGGSTGCSVTATRAEEWSDRFNVTYSVSGSSAWTVNLALNGSQTIQASWNANVTGSGSTRTVTPNGSGNTFGVTVMKNGSSTTPAATCAGSGGGTATPTPTPTPTPTPQSCSAGYVGLTFDDGPNTGTTNQILSTLTQYGATATVFPTGQNAQGNPSLMQAYKNAGVQIGNHSWDHPHLVNMSQSDMQSQLTRTQQAIQQTAGVTPTLFRPPYGESNATLRQVESSLGLREIIWDVDSQDWNNASASQIRQAASRLTNGQIILMHDWPAATVQALPGILQDLRSRNLCTGHISSSTGRAVAPSSAGGGGGGGGGTGSCSVSAVRGEEWADRFNVTYSVSGSSSWVVTLGLNGGQSVQSSWNAALTGSSGTVTARPNGSGNSFGVTFYKNGSSATPGATCATG
6.050129645635264,0.08643042350907519,8.47018150388937,4.753673292999136,3.3707865168539324,7.000864304235091,1.0371650821089022,7.519446845289542,6.222990492653413,5.963699222126189,1.9878997407087293,8.124459809853068,3.8029386343993083,4.062229904926534,1.9014693171996542,7.778738115816767,7.865168539325842,7.433016421780467,2.16076058772688,4.4079515989628355,1157.0,128378.18030000059,4.557486915588379,-0.4133102852203964,24.029827139153056,0.09939498703543646,39.0,P36917,"Endo-1,4-beta-xylanase A (Xylanase A) (EC 3.2.1.8) (1,4-beta-D-xylan xylanohydrolase A)",Thermoanaerobacterium saccharolyticum,MMKNNVDRIVSIVTALIMIFGASLFSPPIRVFADDTNINLVSNGDFESGTIDGWIKQGNPTLAVTTEQAIGQYSMKVTGRTQTYEGPAYSFLGKMQKGESYSVSLKVRLVSGQNSSNPLITVTMFREDDNGKHYDTIVWQKQVSEDSWTTVSGTYTLDYIGTLKTLYMYVESPDPTLEYYIDDVVVTTQNPIQVGNVIANETFENGNTSGWIGTGSSVVKAVYGVAHSGDYSLLTTGRTANWNGPSYDLTGKIVPGQQYNVDFWVKFVNGNDTEQIKATVKATSDKDNYIQVNDFANVNKGEWTEIKGSFTLPVADYSGISIYVESQNPTLEFYIDDFSVIGEISNNQITIQNDIPDLYSVFKDYFPIGVAVDPSRLNDADPHAQLTAKHFNMLVAENAMKPESLQPTEGNFTFDNADKIVDYAIAHNMKMRGHTLLWHNQVPDWFFQDPSDPSKSASRDLLLQRLKTHITTVLDHFKTKYGSQNPIIGWDVVNEVLDDNGNLRNSKWLQIIGPDYIEKAFEYAHEADPSMKLFINDYNIENNGVKTQAMYDLVKKLKSEGVPIDGIGMQMHININSNIDNIKASIEKLASLGVEIQVTELDMNMNGNISNEALLKQARLYKQLFDLFKAEKQYITAVVFWGVSDDVTWLSKPNAPLLFDSKLQAKPAFWAVVDPSKAIPDIQSAKALEGSPTIGANVDSSWKLVKPLYVNTYVEGTVGATATVKSMWDTKNLYLLVQVSDNTPSNNDGIEIFVDKNDDKSTSYETDDERYTIKRDGTGSSDITKYVTSNADGYVAQLAIPIEDISPAVNDKIGFDIRINDDKGNGKIDAITVWNDYTNSQNTNTSYFGDIVLSKSAQIATAIYGTPVIDGKVDDIWNNVEPISTNTWILGSNGATATQKMMWDDKYLYVLADVTDSNLNKSSINPYEQDSVEVFVDQNNDKTTYYENDDGQYRVNYDNEQSFGGSTNSNGFKSATSLTQSGYIVEEAIPWTSITPSNGTIIGFDLQVNNADENGKRTGIVTWCDPSGNSWQDTSGFGNLLLTGKPSGALKKGVTFDDIKNSWAKDAIEVLASRHIVEGMTDTQYEPNKTVTRAEFTAMILRLLNIKEEQYSGEFSDVNSGDWYANAIEAAYKAGIIEGDGKNARPNDSITREEMTQ
7.530120481927711,0.0,7.530120481927711,8.433734939759036,4.819277108433735,5.421686746987952,3.91566265060241,5.421686746987952,3.614457831325301,7.228915662650602,3.313253012048193,4.518072289156627,3.313253012048193,4.518072289156627,6.325301204819277,4.819277108433735,6.024096385542169,6.626506024096386,2.710843373493976,3.91566265060241,332.0,38560.67910000007,5.036810111999511,-0.5262048192771086,41.377439759036136,0.11445783132530121,18.0,O69231,"Endo-1,4-beta-xylanase B (Xylanase B) (EC 3.2.1.8) (1,4-beta-D-xylan xylanohydrolase B)",Paenibacillus barcinonensis,MSTEIPSLSASYANSFKIGAAVHTRMLQTEGEFIAKHYNSVTAENQMKFEEVHPREHEYTFEAADEIVDFAVARGIGVRGHTLVWHNQTPAWMFEDASGGTASREMMLSRLKQHIDTVVGRYKDQIYAWDVVNEAIEDKTDLIMRDTKWLRLLGEDYLVQAFNMAHEADPNALLFYNDYNETDPVKREKIYNLVRSLLDQGAPVHGIGMQGHWNIHGPSMDEIRQAIERYASLDVQLHVTELDLSVFRHEDQRTDLTEPTAEMAELQQKRYEDIFGLFREYRSNITSVTFWGVADNYTWLDNFPVRGRKNWPFVFDTELQPKDSFWRIIGQD
5.833333333333333,0.8333333333333334,3.75,1.25,2.9166666666666665,16.666666666666664,0.8333333333333334,2.9166666666666665,2.083333333333333,4.166666666666666,3.3333333333333335,6.25,2.9166666666666665,5.416666666666667,3.75,9.583333333333334,12.5,4.583333333333333,2.9166666666666665,7.5,240.0,25672.79529999999,8.436348915100101,-0.5083333333333334,25.321666666666637,0.13333333333333333,0.0,P26220,"Endo-1,4-beta-xylanase C (Xylanase C) (EC 3.2.1.8) (1,4-beta-D-xylan xylanohydrolase C)",Streptomyces lividans,MQQDGTQQDRIKQSPAPLNGMSRRGFLGGAGTLALATASGLLLPGTAHAATTITTNQTGTDGMYYSFWTDGGGSVSMTLNGGGSYSTQWTNCGNFVAGKGWSTGDGNVRYNGYFNPVGNGYGCLYGWTSNPLVEYYIVDNWGSYRPTGTYKGTVSSDGGTYDIYQTTRYNAPSVEGTKTFQQYWSVRQSKVTSGSGTITTGNHFDAWARAGMNMGQFRYYMIMATEGYQSSGSSNITVSG
8.358208955223882,0.5970149253731344,3.582089552238806,1.4925373134328357,1.791044776119403,14.925373134328357,0.2985074626865672,1.791044776119403,2.0895522388059704,4.776119402985075,2.3880597014925375,8.059701492537313,3.582089552238806,3.582089552238806,5.074626865671641,10.149253731343283,10.44776119402985,7.164179104477612,4.179104477611941,5.6716417910447765,335.0,35574.58750000001,9.332717323303225,-0.4632835820895526,29.22537313432836,0.11641791044776119,0.0,P26515,"Endo-1,4-beta-xylanase B (Xylanase B) (EC 3.2.1.8) (1,4-beta-D-xylan xylanohydrolase B)",Streptomyces lividans,MNLLVQPRRRRRGPVTLLVRSAWAVALAALAALMLPGTAQADTVVTTNQEGTNNGYYYSFWTDSQGTVSMNMGSGGQYSTSWRNTGNFVAGKGWANGGRRTVQYSGSFNPSGNAYLALYGWTSNPLVEYYIVDNWGTYRPTGEYKGTVTSDGGTYDIYKTTRVNKPSVEGTRTFDQYWSVRQSKRTGGTITTGNHFDAWARAGMPLGNFSYYMIMATEGYQSSGSSSINVGGTGGGDSGGGDNGGGGGGCTATVSAGQKWGDRYNLDVSVSGASDWTVTMNVPSPAKVLSNWNVNASYPSAQTLTARLNGSGNNWGATIQANANWTWPSVSCSAG
4.987531172069826,0.8728179551122194,7.4812967581047385,4.488778054862843,3.7406483790523692,10.099750623441397,1.2468827930174564,4.114713216957606,6.109725685785536,4.239401496259352,2.7431421446384037,6.483790523690773,4.613466334164588,3.117206982543641,2.6184538653366585,7.855361596009976,11.221945137157107,5.112219451371571,2.9925187032418954,5.860349127182045,802.0,89090.05300000048,4.903693199157714,-0.6802992518703224,19.646533665835406,0.1259351620947631,26.0,Q53317,"Xylanase/beta-glucanase [Includes: Endo-1,4-beta-xylanase (Xylanase) (EC 3.2.1.8); Endo-beta-1,3-1,4 glucanase (EC 3.2.1.73) (1,3-1,4-beta-D-glucan 4-glucanohydrolase) (Lichenase)]",Ruminococcus flavefaciens,MKKSIFKRYAAAVGLMASVLMFTAVPTTSNAADDQKTGKVGGFDWEMWNQNYTGTVSMNPGAGSFTCSWSGIENFLARMGKNYDDQKKNYKAFGDIVLTYDVEYTPRGNSYMCIYGWTRNPLMEYYIVEGWGDWEPPGNDGVDNFGTTTIDGKTYKIRKSMRYNQPSIEGTKTFPQYWSVRTTSGSRNNTTNYMKDQVSVTKHFDAWSKAGLDMSGTLYEVSLNIEGYRSNGSANVKSISFDGGIDIPDPEPIKPDENGYYLKENFESGEGNWSGRGSAKVKSSSGYDGTKGIFVSGREDTWNGASINLDELTFKAGETYSLGTAVMQDFESSVDFKLTLQYTDADGKENYDEVKTVTAAKGQWVDLSNSSYTIPSGATGLVLYVEVPESKTDFYMDGAYAGVKGTKPLISISSQSVDPPVTEPTNPTNPTGPSVTKWGDANCDGGVDLSDAIFIMQFLANPNKYGLTGTETNHMTNQGKVNGDVCEHGSGLTEDDAVSIQKYLIRAISELPESYLEGHDPSKTTTTTTRITTTTTTTTTTTTSKTTTTTTTTSPAMHGGYRDLGTPMNTSATMISDFRTGKAGDFFASDGWTNGKPFDCWWYKRNAVINDGCLQLSIDQKWTNDKNPDWDPRYSGGEFRTNNFYHYGYYECSMQAMKNDGVVSSFFTYTGPSDDNPWDEIDIEILGKNTTQVQFNYYTNGQGKHEKLYDLGFDSSEAYHTYGFDWQPNYIAWYVDGREVYRATQDIPKTPGKIMMNAWPGLTVDDWLKAFNGRTPLTAHYQWVTYNKNGVQHSSQGQNPWG
11.11111111111111,2.0964360587002098,6.498951781970649,2.515723270440252,2.515723270440252,10.482180293501047,1.4675052410901468,3.3542976939203357,2.7253668763102725,6.918238993710692,1.6771488469601679,6.289308176100629,2.7253668763102725,5.660377358490567,5.660377358490567,9.224318658280922,6.289308176100629,6.918238993710692,2.9350104821802936,2.9350104821802936,477.0,51162.088900000075,6.1813768386840815,-0.35052410901467557,31.719916142557647,0.08385744234800839,8.0,P26514,"Endo-1,4-beta-xylanase A (Xylanase A) (EC 3.2.1.8) (1,4-beta-D-xylan xylanohydrolase A)",Streptomyces lividans,MGSYALPRSGVRRSIRVLLLALVVGVLGTATALIAPPGAHAAESTLGAAAAQSGRYFGTAIASGRLSDSTYTSIAGREFNMVTAENEMKIDATEPQRGQFNFSSADRVYNWAVQNGKQVRGHTLAWHSQQPGWMQSLSGSALRQAMIDHINGVMAHYKGKIVQWDVVNEAFADGSSGARRDSNLQRSGNDWIEVAFRTARAADPSAKLCYNDYNVENWTWAKTQAMYNMVRDFKQRGVPIDCVGFQSHFNSGSPYNSNFRTTLQNFAALGVDVAITELDIQGAPASTYANVTNDCLAVSRCLGITVWGVRDSDSWRSEQTPLLFNNDGSKKAAYTAVLDALNGGDSSEPPADGGQIKGVGSGRCLDVPDASTSDGTQLQLWDCHSGTNQQWAATDAGELRVYGDKCLDAAGTSNGSKVQIYSCWGGDNQKWRLNSDGSVVGVQSGLCLDAVGNGTANGTLIQLYTCSNGSNQRWTRT
10.684474123539232,1.1686143572621035,3.5058430717863103,2.671118530884808,2.8380634390651087,8.681135225375627,1.669449081803005,6.010016694490818,1.8363939899833055,5.175292153589315,1.001669449081803,9.84974958263773,3.5058430717863103,5.008347245409015,3.8397328881469113,10.51752921535893,9.015025041736227,6.176961602671119,3.33889816360601,3.5058430717863103,599.0,64362.08870000013,6.365250968933105,-0.30116861435726183,32.64075125208682,0.09682804674457429,6.0,P23030,"Endo-1,4-beta-xylanase B (Xylanase B) (EC 3.2.1.8) (1,4-beta-D-xylan xylanohydrolase B)",Cellvibrio japonicus (strain Ueda107) (Pseudomonas fluorescens subsp. cellulosa),MTISASDYRHPGNFLKRTTALLCVGTALTALAFNASAACTYTIDSEWSTGFTANITLKNDTGAAINNWNVNWQYSSNRMTSGWNANFSGTNPYNATNMSWNGSIAPGQSISFGLQGEKNGSTAERPTVTGAACNSATTSSVASSSSTPTTSSSSASSVASALLLQEAQAGFCRVDGTIDNNHTGFTGSGFANTNNAQGAAVVWAIDATSSGRRTLTIRYANGGTANRNGSLVINGGSNGNYTVSLPTTGAWTTWQTATIDVDLVQGNNIVQLSATTAEGLPNIDSLSVVGGTVRAGNCGSVSSSSSVQSSSSSSSSSAASAKKFIGNITTSGAVRSDFTRYWNQITPENESKWGSVEGTRNVYNWAPLDRIYAYARQNNIPVKAHTFVWGAQSPSWLNNLSGPEVAVEIEQWIRDYCARYPDTAMIDVVNEAVPGHQPAGYAQRAFGNNWIQRVFQLARQYCPNSILILNDYNNIRWQHNEFIALAKAQGNYIDAVGLQAHELKGMTAAQVKTAIDNIWNQVGKPIYISEYDIGDTNDQVQLQNFQAHFPVFYNHPHVHGITLWGYVVGRTWIEGSGLIQDNGTPRPAMTWLINNYLNQ
5.238095238095238,0.0,2.857142857142857,0.9523809523809524,4.285714285714286,13.333333333333334,0.4761904761904762,2.380952380952381,3.3333333333333335,2.857142857142857,2.380952380952381,9.523809523809524,2.857142857142857,4.285714285714286,2.857142857142857,9.523809523809524,10.476190476190476,9.523809523809524,4.761904761904762,8.095238095238095,210.0,23145.199599999993,9.300160789489745,-0.411904761904762,19.571476190476183,0.17142857142857143,0.0,V9TXH2,"Endo-1,4-beta-xylanase Xyn11E (EC 3.2.1.8)",Paenibacillus barcinonensis,MFKFGKKLMTVVLAASMSFGVFAATTGATDYWQNWTDGGGTVNAVNGSGGNYSVNWQNTGNFVVGKGWTYGTPNRVVNYNAGVFSPSGNGYLTFYGWTRNALIEYYVVDNWGTYRPTGTYKGTVNSDGGTYDIYTTMRYNQPSIDGYSTFPQYWSVRQSKRPIGVNSQITFQNHVNAWASKGMNLGSSWSYQVLATEGYQSSGSSNVTVW
5.2410901467505235,0.7337526205450734,5.870020964360587,2.3060796645702304,2.0964360587002098,7.232704402515723,0.5241090146750524,2.7253668763102725,3.7735849056603774,3.878406708595388,1.8867924528301887,22.746331236897273,2.0964360587002098,13.522012578616351,1.781970649895178,5.555555555555555,3.7735849056603774,3.039832285115304,7.4423480083857445,3.7735849056603774,954.0,111360.85110000023,4.638027763366699,-1.4441299790356443,24.082180293501096,0.13312368972746333,8.0,P29126,"Bifunctional endo-1,4-beta-xylanase XylA (EC 3.2.1.8)",Ruminococcus flavefaciens,MKLSKIKKVLSGTVSALMIASAAPVVASAADQQTRGNVGGYDYEMWNQNGQGQASMNPGAGSFTCSWSNIENFLARMGKNYDSQKKNYKAFGNIVLTYDVEYTPRGNSYMCVYGWTRNPLMEYYIVEGWGDWRPPGNDGEVKGTVSANGNTYDIRKTMRYNQPSLDGTATFPQYWSVRQTSGSANNQTNYMKGTIDVTKHFDAWSAAGLDMSGTLYEVSLNIEGYRSNGSANVKSVSVTQGGSSDNGGQQQNNDWNQQNNNQQQNNDWNNWGQQNNDWNQWNNQGQQNNDWNNWGQQNNDWNQWNNQGQQQNNDWNNWGQQNNDWNQWNNQGQQQNNDWNNWGQQNNDWNQWNNQGQQQNNDWNNWGQQNNDWNQWNNQNNNQQNAWNGWDNNNNWNQNNQQQNNWDWNNQNNWNNNQQQNNDWNQWNNQNNWNNNQQQNNDWNQWNNQGQQNNDWNQWNNQNNWNQNNNQQNAWNGWDNNNNWNQWDQNNQWNNQQQNNTWDWNNQNNWNNNQQNNDWNQWNNQGQQQNNDWNQWNNQNNNQNNGWDWNNQNNWNQNNNQQNAWNGWDNNNNWNQWGGQNNDWNNQQQNNDWNQWNNQGQQQNNDWNNQNNWNQGQQNNNNSAGSSDSLKGAFSKYFKIGTSVSPHELNSGADFLKKHYNSITPENELKPESILDQGACQQKGNNVNTQISLSRAAQTLKFCEQNGIALRGHTFVWYSQTPDWFFRENFSQNGAYVSKDIMNQRLESMIKNTFAALKSQYPNLDVYSYDVCNELFLNNGGGMRGADNSNWVKIYGDDSFVINAFKYARQYAPAGCKLYLNDYNEYIPAKTNDIYNMAMKLKQLGYIDGIGMQSHLATNYPDANTYETALKKFLSTGLEVQITELDITCTNSAEQADLYEKIFKLAMQNSAQIPAVTIWGTQDTVSWRSSQNPLLFSAGYQPKPAYDRVMALAK
6.842105263157896,0.6578947368421052,5.921052631578947,7.368421052631578,3.9473684210526314,6.842105263157896,1.3157894736842104,6.973684210526315,6.052631578947368,6.842105263157896,1.710526315789474,8.026315789473685,3.9473684210526314,1.5789473684210527,5.263157894736842,6.315789473684211,7.5,7.631578947368421,2.1052631578947367,3.1578947368421053,760.0,85121.83290000046,5.424452018737792,-0.3928947368421049,28.2371184210527,0.09210526315789473,26.0,A3DH97,"Anti-sigma-I factor RsgI6 (Endo-1,4-beta-xylanase) (EC 3.2.1.8)",Acetivibrio thermocellus (strain ATCC 27405 / DSM 1237 / JCM 9322 / NBRC 103400 / NCIMB 10682 / NRRL B-4536 / VPI 7372) (Clostridium thermocellum),MIVGKVLDMDEKTAIIMTDDFAFLNVVRTSEMAVGKKVKVLDSDIIKPKNSLRRYLPVAAVAACFVIVLSFVLMFINGNTARKNIYAYVGIDINPSIELWINYNNKIAEAKALNGDAETVLEGLELKEKTVAEAVNEIVQKSMELGFISREKENIILISTACDLKAGEGSENKDVQNKIGQLFDDVNKAVSDLKNSGITTRILNLTLEERESSKEENISMGRYAVYLKAKEQNVNLTIDEIKDADLLELIAKVGIDNENVPEDIVTEDKDNLDAINTGPAESAVPEVTETLPATSTPGRTEGNTATGSVDSTPALSKNETPGKTETPGRTFNTPAKSSLGQSSTPKPVSPVQTATATKGIGTLTPRNSPTPVIPSTGIQWIDQANERINEIRKRNVQIKVVDSSNKPIENAYVEAVLTNHAFGFGTAITRRAMYDSNYTKFIKDHFNWAVFENESKWYTNEPSMGIITYDDADYLYEFCRSNGIKVRGHCIFWEAEEWQPAWVRSLDPFTLRFAVDNRLNSAVGHFKGKFEHWDVNNEMIHGNFFKSRLGESIWPYMFNRAREIDPNAKYFVNNNITTLKEADDCVALVNWLRSQGVRVDGVGVHGHFGDSVDRNLLKGILDKLSVLNLPIWITEYDSVTPDEYRRADNLENLYRTAFSHPSVEGIVMWGFWERVHWRGRDASIVNDNWTLNEAGRRFESLMNEWTTRAYGSTDGSGSFGFRGFYGTYRITVTVPGKGKYNYTLNLNRGSGTLQTTYRIP
11.969904240766075,0.0,7.04514363885089,4.1039671682626535,3.488372093023256,7.729138166894665,1.3679890560875512,4.1039671682626535,5.60875512995896,7.3187414500684,1.2995896032831737,6.771545827633379,3.9671682626538987,4.719562243502052,2.3255813953488373,6.292749658002736,8.549931600547197,7.865937072503421,1.4363885088919288,4.035567715458276,1462.0,157319.96689999968,4.899259757995605,-0.2985636114911061,25.83688782489758,0.08960328317373462,36.0,C6CRV0,"Endo-1,4-beta-xylanase A (EC 3.2.1.8) (1,4-beta-D-xylan xylanohydrolase A)",Paenibacillus sp. (strain JDR-2),MSRSLKKFVSILLAAALLIPIGRLAPVAEAAENPTIVYHEDFAIDKGKAIQSGGASLTQVTGKVFDGNNDGSALYVSNRANTWDAADFKFADIGLQNGKTYTVTVKGYVDQDATVPSGAQAFLQAVDSNNYGFLASANFAAGTAFTLTKEFTVDTSVSTQLRVQSSEEGKAVPFYIGDILITANPTTTTNTVYHEDFATDKGKAVQSGGANLAQVADKVFDGNDDGKALYVSNRANTWDAADFKFADIGLQNGKTYTVTVKGYVDQDATVPSGAQAFLQAVDSNNYGFLASANFAARSAFTLTKEFTVDTSVSTQLRVQSSEEGKAVPFYIGDILITETVNSGGGQEDPPRPPALPFNTITFEDQTAGGFTGRAGTETLTVTNESNHTADGSYSLKVEGRTTSWHGPSLRVEKYVDKGYEYKVTAWVKLLSPETSTKLELASQVGDGGSANYPSLASKTITAADGWVQLQGNYRYNSVGGEYLTIYVQSSNATASYYIDDISFESTGSGPVGIQKDLAPLKDVYKNDFLIGNAISAEDLEGTRLELLKMHHDVVTAGNAMKPDALQPTKGNFTFTAADAMIDKVLAEGMKMHGHVLVWHQQSPAWLNTKKDDNNNTVPLGRDEALDNLRTHIQTVMKHFGNKVISWDVVNEAMNDNPSNPADYKASLRQTPWYQAIGSDYVEQAFLAAREVLDENPSWNIKLYYNDYNEDNQNKATAIYNMVKDINDRYAAAHNGKLLIDGVGMQGHYNINTNPDNVKLSLEKFISLGVEVSVSELDVTAGNNYTLPENLAVGQAYLYAQLFKLYKEHADHIARVTFWGMDDNTSWRAENNPLLFDKNLQAKPAYYGVIDPDKYMEEHAPESKDANQAEAQYGTPVIDGTVDSIWSNAQAMPVNRYQMAWQGATGTAKALWDDQNLYVLIQVSDSQLNKANENAWEQDSVEVFLDQNNGKTTFYQNDDGQYRVNFDNETSFSPASIAAGFESQTKKTANSYTVELKIPLTAVTPANQKKLGFDVQINDATDGARTSVAAWNDTTGNGYQDTSVYGELTLAGKGTGGTGTVGTTVPQTGNVVKNPDGSTTLKPEVKTTNGNAVGTVTGDDLKKALDQAAPAAGGKKQVIIDVPLQANAATYAVQLPTQSLKSQDGYQLTAKIANAFIQIPSNMLANTNVTTDQVSIRVAKASLDNVDAATRELIGNRPVIDLSLVAGGNVIAWNNPTAPVTVAVPYAPTAEELKHPEHILIWYIDGSGKATPVPNSRYDAALGAVVFQTTHFSTYAAVSVFTTFGDLAKVPWAKEAIDAMASRGVIKGTGENTFSPAASIKRADFIALLVRALELHGTGTTDTAMFSDVPANAYYYNELAVAKQLGIATGFEDNTFKPDSSISRQDMMVLTTRALAVLGKQLPAGGSLNAFSDAASVAGYAQDSVAALVKAGVVQGSGSKLAPNDQLTRAEAAVILYRIWKLQ
6.212664277180406,1.0752688172043012,5.615292712066906,4.301075268817205,3.942652329749104,9.438470728793309,1.3142174432497014,7.4074074074074066,4.4205495818399045,7.885304659498208,2.2700119474313025,8.482676224611708,5.734767025089606,2.7479091995221028,4.062126642771804,7.168458781362006,5.973715651135006,5.4958183990442055,1.5531660692951015,4.898446833930705,837.0,92261.9448000004,5.555693244934082,-0.2876941457586618,33.503369175627306,0.1039426523297491,15.0,P10478,"Endo-1,4-beta-xylanase Z (Xylanase Z) (EC 3.2.1.8) (1,4-beta-D-xylan xylanohydrolase Z)",Acetivibrio thermocellus (strain ATCC 27405 / DSM 1237 / JCM 9322 / NBRC 103400 / NCIMB 10682 / NRRL B-4536 / VPI 7372) (Clostridium thermocellum),MSRKLFSVLLVGLMLMTSLLVTISSTSAASLPTMPPSGYDQVRNGVPRGQVVNISYFSTATNSTRPARVYLPPGYSKDKKYSVLYLLHGIGGSENDWFEGGGRANVIADNLIAEGKIKPLIIVTPNTNAAGPGIADGYENFTKDLLNSLIPYIESNYSVYTDREHRAIAGLSMGGGQSFNIGLTNLDKFAYIGPISAAPNTYPNERLFPDGGKAAREKLKLLFIACGTNDSLIGFGQRVHEYCVANNINHVYWLIQGGGHDFNVWKPGLWNFLQMADEAGLTRDGNTPVPTPSPKPANTRIEAEDYDGINSSSIEIIGVPPEGGRGIGYITSGDYLVYKSIDFGNGATSFKAKVANANTSNIELRLNGPNGTLIGTLSVKSTGDWNTYEEQTCSISKVTGINDLYLVFKGPVNIDWFTFGVESSSTGLGDLNGDGNINSSDLQALKRHLLGISPLTGEALLRADVNRSGKVDSTDYSVLKRYILRIITEFPGQGDVQTPNPSVTPTQTPIPTISGNALRDYAEARGIKIGTCVNYPFYNNSDPTYNSILQREFSMVVCENEMKFDALQPRQNVFDFSKGDQLLAFAERNGMQMRGHTLIWHNQNPSWLTNGNWNRDSLLAVMKNHITTVMTHYKGKIVEWDVANECMDDSGNGLRSSIWRNVIGQDYLDYAFRYAREADPDALLFYNDYNIEDLGPKSNAVFNMIKSMKERGVPIDGVGFQCHFINGMSPEYLASIDQNIKRYAEIGVIVSFTEIDIRIPQSENPATAFQVQANNYKELMKICLANPNCNTFVMWGFTDKYTWIPGTFPGYGNPLIYDSNYNPKPAYNAIKEALMGY
6.572769953051644,0.0,3.286384976525822,0.9389671361502347,3.755868544600939,12.206572769953052,0.9389671361502347,3.286384976525822,3.755868544600939,3.755868544600939,1.8779342723004695,8.92018779342723,2.8169014084507045,2.3474178403755865,3.286384976525822,11.267605633802818,11.737089201877934,7.042253521126761,5.164319248826291,7.042253521126761,213.0,23344.386,9.442055702209473,-0.4253521126760565,17.929107981220653,0.1596244131455399,1.0,P18429,"Endo-1,4-beta-xylanase A (Xylanase A) (EC 3.2.1.8) (1,4-beta-D-xylan xylanohydrolase A)",Bacillus subtilis (strain 168),MFKFKKNFLVGLSAALMSISLFSATASAASTDYWQNWTDGGGIVNAVNGSGGNYSVNWSNTGNFVVGKGWTTGSPFRTINYNAGVWAPNGNGYLTLYGWTRSPLIEYYVVDSWGTYRPTGTYKGTVKSDGGTYDIYTTTRYNAPSIDGDRTTFTQYWSVRQSKRPTGSNATITFSNHVNAWKSHGMNLGSNWAYQVMATEGYQSSGSSNVTVW
8.108108108108109,0.0,7.371007371007371,5.651105651105651,3.6855036855036856,5.405405405405405,2.211302211302211,6.6339066339066335,9.582309582309582,7.125307125307126,2.457002457002457,5.896805896805897,5.651105651105651,4.668304668304668,3.9312039312039313,3.194103194103194,3.9312039312039313,7.125307125307126,2.211302211302211,5.159705159705159,407.0,46762.855200000035,8.270858573913575,-0.5346437346437347,31.061425061425066,0.11056511056511056,11.0,P40943,"Endo-1,4-beta-xylanase (Xylanase) (EC 3.2.1.8) (1,4-beta-D-xylan xylanohydrolase)",Geobacillus stearothermophilus (Bacillus stearothermophilus),MRNVVRKPLTIGLALTLLLPMGMTATSAKNADSYAKKPHISALNAPQLDQRYKNEFTIGAAVEPYQLQNEKDVQMLKRHFNSIVAENVMKPISIQPEEGKFNFEQADRIVKFAKANGMDIRFHTLVWHSQVPQWFFLDKEGKPMVNETDPVKREQNKQLLLKRLETHIKTIVERYKDDIKYWDVVNEVVGDDGKLRNSPWYQIAGIDYIKVAFQAARKYGGDNIKLYMNDYNTEVEPKRTALYNLVKQLKEEGVPIDGIGHQSHIQIGWPSEAEIEKTINMFAALGLDNQITELDVSMYGWPPRAYPTYDAIPKQKFLDQAARYDRLFKLYEKLSDKISNVTFWGIADNHTWLDSRADVYYDANGNVVVDPNAPYAKVEKGKGKDAPFVFGPDYKVKPAYWAIIDHK
6.572769953051644,0.0,3.286384976525822,0.9389671361502347,3.755868544600939,12.206572769953052,0.9389671361502347,3.286384976525822,3.755868544600939,3.755868544600939,1.8779342723004695,8.92018779342723,2.8169014084507045,2.3474178403755865,3.286384976525822,10.7981220657277,12.206572769953052,7.042253521126761,5.164319248826291,7.042253521126761,213.0,23358.412600000003,9.442055702209473,-0.4248826291079814,17.223474178403755,0.1596244131455399,1.0,P09850,"Endo-1,4-beta-xylanase (Xylanase) (EC 3.2.1.8) (1,4-beta-D-xylan xylanohydrolase)",Niallia circulans (Bacillus circulans),MFKFKKNFLVGLSAALMSISLFSATASAASTDYWQNWTDGGGIVNAVNGSGGNYSVNWSNTGNFVVGKGWTTGSPFRTINYNAGVWAPNGNGYLTLYGWTRSPLIEYYVVDSWGTYRPTGTYKGTVKSDGGTYDIYTTTRYNAPSIDGDRTTFTQYWSVRQSKRPTGSNATITFTNHVNAWKSHGMNLGSNWAYQVMATEGYQSSGSSNVTVW
5.88235294117647,1.400560224089636,3.361344537815126,1.680672268907563,2.5210084033613445,14.005602240896359,0.8403361344537815,4.761904761904762,2.2408963585434174,3.9215686274509802,0.8403361344537815,8.96358543417367,1.400560224089636,4.761904761904762,3.9215686274509802,15.126050420168067,9.243697478991598,5.88235294117647,2.5210084033613445,6.722689075630252,357.0,37911.55279999999,8.669659996032717,-0.484033613445379,32.80117647058824,0.11764705882352941,2.0,Q8VP72,"Endo-1,4-beta-xylanase Xyn11B (Xylanase 11B) (EC 3.2.1.8) (1,4-beta-D-xylan xylanohydrolase)",Cellvibrio japonicus (Pseudomonas fluorescens subsp. cellulosa),MKIFQNTKNVIVSIAWAAALCTSAVSAQTLTSNSTGTNNGFYYTFWKDSGDASMTLLSGGRYQSSWNSSTNNWVGGKGWNPGSSSRVISYSGYYGVDSSQNSYLALYGWTRSPLIEYYVIESYGSYNPASCSGGTDYGSFQSDGATYNVRRCQRVNQPSIDGNQTFYQYFSVRNPKKGFGNISGTITFANHANFWATKGLNLGNHNYQVLATEGYQSRGSSDITVSQGGSSGGGNSSSSSSASGGGSKIIVVRARGTAGGESITLRVGNTNVATWTLTTTMTNYTATTSASGGSLVQYTNDSGNRDVQVDYISVNGSIRQSEDQTYNTGVYQNGSCGGGNGRSEWLHCNGAIGYGDI
6.140350877192982,0.8771929824561403,2.631578947368421,3.070175438596491,4.385964912280701,10.964912280701753,2.1929824561403506,5.263157894736842,4.385964912280701,6.578947368421052,3.508771929824561,8.333333333333332,2.631578947368421,3.070175438596491,4.385964912280701,8.333333333333332,9.210526315789473,4.385964912280701,2.631578947368421,7.017543859649122,228.0,25490.370499999986,9.334457969665529,-0.37631578947368416,28.08995614035087,0.14035087719298245,2.0,P00694,"Endo-1,4-beta-xylanase A (Xylanase A) (EC 3.2.1.8) (1,4-beta-D-xylan xylanohydrolase A)",Bacillus pumilus (Bacillus mesentericus),MNLRKLRLLFVMCIGLTLILTAVPAHARTITNNEMGNHSGYDYELWKDYGNTSMTLNNGGAFSAGWNNIGNALFRKGKKFDSTRTHHQLGNISINYNASFNPGGNSYLCVYGWTQSPLAEYYIVDSWGTYRPTGAYKGSFYADGGTYDIYETTRVNQPSIIGIATFKQYWSVRQTKRTSGTVSVSAHFRKWESLGMPMGKMYETAFTVEGYQSSGSANVMTNQLFIGN
5.847953216374268,0.8771929824561403,6.725146198830409,10.818713450292398,4.970760233918129,4.093567251461988,2.631578947368421,7.017543859649122,9.649122807017543,9.941520467836257,1.7543859649122806,5.555555555555555,2.923976608187134,1.1695906432748537,5.263157894736842,2.631578947368421,4.385964912280701,6.725146198830409,2.631578947368421,4.385964912280701,342.0,40454.87450000006,5.63629093170166,-0.46666666666666684,27.970204678362574,0.11988304093567252,15.0,P23556,"Endo-1,4-beta-xylanase A (Xylanase A) (EC 3.2.1.8) (1,4-beta-D-xylan xylanohydrolase A)",Caldicellulosiruptor saccharolyticus (Caldocellum saccharolyticum),MRCLIVCENLEMLNLSLAKTYKDYFKIGAAVTAKDLEGVHRDILLKHFNSLTPENAMKFENIHPEEQRYNFEEVARIKEFAIKNDMKLRGHTFVWHNQTPGWVFLDKNGEEASKELVIERLREHIKTLCERYKDVVYAWDVVNEAVEDKTEKLLRESNWRKIIGDDYIKIAFEIAREYAGDAKLFYNDYNNEMPYKLEKTYKVLKELLERGTPIDGIGIQAHWNIWDKNLVSNLKKAIEVYASLGLEIHITELDISVFEFEDKRTDLFEPTPEMLELQAKVYEDVFAVFREYKDVITSVTLWGISDRHTWKDNFPVKGRKDWPLLFDVNGKPKEALYRILRF
5.681818181818182,0.2840909090909091,5.965909090909091,8.522727272727272,5.3977272727272725,5.681818181818182,3.4090909090909087,6.534090909090909,9.659090909090908,8.806818181818182,1.7045454545454544,5.113636363636364,5.113636363636364,1.9886363636363635,3.6931818181818183,2.272727272727273,3.4090909090909087,7.670454545454546,3.4090909090909087,5.681818181818182,352.0,41485.13990000004,6.332284355163575,-0.41505681818181855,28.953437500000003,0.14488636363636365,13.0,Q12603,"Beta-1,4-xylanase (EC 3.2.1.8) (1,4-beta-D-xylan xylanohydrolase) (Endo-1,4-beta-xylanase)",Dictyoglomus thermophilum,MINQRFSILVLLLILLTFSLGFLKEEAKGMEIPSLKEVYKDYFTIGAAVSHLNIYHYENLLKKHFNSLTPENQMKWEVIHPKPYVYDFGPADEIVDFAMKNGMKVRGHTLVWHNQTPGWVYAGTKDEILARLKEHIKEVVGHYKGKVYAWDVVNEALSDNPNEFLRRAPWYDICGEEVIEKAFIWAHEVDPDAKLFYNDYNLEDPIKREKAYKLVKKLKDKGVPIHGIGIQGHWTLAWPTPKMLEDSIKRFAELGVEVQVTEFDISIYYDRNENNNFKVPPEDRLERQAQLYKEAFEILRKYKGIVTGVTFWGVADDYTWLYFWPVRGREDYPLLFDKNHNPKKAFWEIVKF
5.46875,0.5859375,4.4921875,4.1015625,3.3203125,10.546875,0.78125,8.0078125,3.3203125,3.90625,2.1484375,6.4453125,4.1015625,3.125,4.1015625,10.15625,10.3515625,7.03125,1.953125,6.0546875,512.0,55842.49250000008,5.432068443298339,-0.2816406250000003,32.2775390625,0.11328125,8.0,P33558,"Endo-1,4-beta-xylanase A (Xylanase A) (EC 3.2.1.8) (1,4-beta-D-xylan xylanohydrolase A)",Thermoclostridium stercorarium (Clostridium stercorarium),MKRKVKKMAAMATSIIMAIMIILHSIPVLAGRIIYDNETGTHGGYDYELWKDYGNTIMELNDGGTFSCQWSNIGNALFRKGRKFNSDKTYQELGDIVVEYGCDYNPNGNSYLCVYGWTRNPLVEYYIVESWGSWRPPGATPKGTITQWMAGTYEIYETTRVNQPSIDGTATFQQYWSVRTSKRTSGTISVTEHFKQWERMGMRMGKMYEVALTVEGYQSSGYANVYKNEIRIGANPTPAPSQSPIRRDAFSIIEAEEYNSTNSSTLQVIGTPNNGRGIGYIENGNTVTYSNIDFGSGATGFSATVATEVNTSIQIRSDSPTGTLLGTLYVSSTGSWNTYQTVSTNISKITGVHDIVLVFSGPVNVDNFIFSRSSPVPAPGDNTRDAYSIIQAEDYDSSYGPNLQIFSLPGGGSAIGYIENGYSTTYKNIDFGDGATSVTARVATQNATTIQVRLGSPSGTLLGTIYVGSTGSFDTYRDVSATISNTAGVKDIVLVFSGPVNVDWFVFSKSGT
6.81265206812652,1.2165450121654502,4.13625304136253,4.37956204379562,4.37956204379562,7.0559610705596105,1.70316301703163,4.622871046228711,7.542579075425791,6.81265206812652,2.67639902676399,8.27250608272506,3.64963503649635,2.67639902676399,3.64963503649635,6.082725060827251,7.2992700729927,7.785888077858881,1.9464720194647203,7.2992700729927,411.0,46658.4843,9.122614860534668,-0.37250608272506086,19.668929440389295,0.1362530413625304,7.0,P23551,"Endo-1,4-beta-xylanase A (Xylanase A) (EC 3.2.1.8) (1,4-beta-D-xylan xylanohydrolase A)",Butyrivibrio fibrisolvens,MKKFKIRKLMARVLALALVFSTFFMVSKVDANAASYNLMETYGAKYGYSGNCVHTHMLRDSRIVNAIKKDSNIVTLGNEMKPDYLLGSRQATLISVDEAKRLGYYIPSNYKERYVPKIDFRTVDEAVKICYENGLKMRGHTLVWHSQTPTWLFRENYSGNGRFVNTATMDARLEFYVKSVMGHFYSGKYGSTLVYWDVCNETLHAQNSGWEAVYGSNKTNAVYVKKAFNYAYQVLEQYKLTNSVKLFYNDYNTYMEVNDVIKLVNYINQGKKVCAGVGMQSHLGTGFPSVDYYTNALNSFLRAGFEVQITELDITNKGDYDLNNYAYRLFKNINAAKKNGGNISCITWWGPSDAETWIRNEKPLIWSNIGVAKPAYDEVVKAFTETFGNPGSFTPQPTITPQPTPTPSGQT
7.559055118110236,1.4173228346456692,6.456692913385827,7.874015748031496,5.984251968503937,5.354330708661418,2.8346456692913384,5.196850393700787,5.984251968503937,7.4015748031496065,3.149606299212598,5.354330708661418,4.881889763779528,2.204724409448819,4.251968503937007,5.826771653543307,5.354330708661418,5.196850393700787,1.889763779527559,5.826771653543307,635.0,73183.78060000023,5.188456535339354,-0.4256692913385826,37.223811023622076,0.13700787401574804,24.0,P26223,"Endo-1,4-beta-xylanase B (Xylanase B) (EC 3.2.1.8) (1,4-beta-D-xylan xylanohydrolase B)",Butyrivibrio fibrisolvens,MNLKTAYEPYFKIGAAISRWNLHTPAHTKLLAEQFNSFTCENDMKPMYYLDREANKKDPEKYNLSPALTFENAIPYLEFAKDNKIAMRGHTLVWHNQTPKWFFCERYNENFPMADRETILARLESYIHGVLDFVQTNYPGIIYAWDVVNEIVDEGAFRKSIWTETVGEDFFIKAFEFARKYAAPEVSLFYNDYETAQPWKRDFILEKVLGPLIDKKLIDGMGMQSHLLMDHPDISEYRTALEMYGSTGLQIHITELDMHNADPSEESMHALATRYQEFFQTYLDAKKSGKANITSVTFWNLLDENSWLSGFRRETSYPLVFKGKCEAKEAYYAVLKAAVSDDSIDKWVPDYSEEDYKLQGMPTPDIKRFRENIWQENEYNYEASYGFIPNLFAYLHNDDVKRDCMLVIPGGGYCMCCSHEGELAAMEFYNRGMNAFVLSYTTDITMSVPLHKQPLEDISRAVRFIRKNASKYNIDGKKLVIMGFSAGSHVCGSLAVHFDDVKDNNPEYADISGRPDGVILSYPVITTGRYTHADSVRTLLGANPTDEELTYFSLEKQVKDNTPPCFIWQTEEDSVVPVENSYLFANALREKKIPFAHYVFPRGFHGLTVANDEFFSGWSGGEYSMEQTMRARFAV
5.809128630705394,0.8298755186721992,3.319502074688797,1.2448132780082988,2.904564315352697,16.59751037344398,0.8298755186721992,2.904564315352697,2.0746887966804977,4.149377593360995,3.319502074688797,5.809128630705394,2.904564315352697,5.394190871369295,4.564315352697095,9.95850622406639,12.863070539419086,4.149377593360995,2.904564315352697,7.468879668049793,241.0,25845.02689999999,9.146403694152834,-0.5381742738589216,28.851452282157652,0.13278008298755187,0.0,Q9RI72,"Endo-1,4-beta-xylanase C (Xylanase C) (EC 3.2.1.8) (1,4-beta-D-xylan xylanohydrolase C)",Streptomyces coelicolor (strain ATCC BAA-471 / A3(2) / M145),MQQDGTQQDRIKQSPAPLNGMSRRGFLGGAGTLALATASGLLLPGTAHAATTITTNQTGTDGMYYSFWTDGGGSVSMTLNGGGSYSTQWTNCGNFVAGKGWSTGGRRTVRYNGYFNPSGNGYGCLYGWTSNPLVEYYIVDNWGSYRPTGTYKGTVSSDGGTYDIYQTTRYNAPSVEGTKTFQQYWSVRQSKVTSGSGTITTGNHFDAWARAGMNMGQFRYYMIMATEGYQSSGSSNITVSG
6.4454976303317535,0.09478672985781991,6.6350710900473935,7.298578199052133,4.549763033175355,6.350710900473934,1.1374407582938388,6.6350710900473935,8.341232227488153,6.350710900473934,1.8009478672985781,5.023696682464455,4.265402843601896,3.2227488151658767,3.4123222748815163,6.729857819905213,6.540284360189573,8.436018957345972,2.4644549763033177,4.265402843601896,1055.0,119321.54770000081,5.305715370178221,-0.38824644549762954,29.06163981042663,0.11279620853080569,34.0,Q60042,"Endo-1,4-beta-xylanase A (Xylanase A) (EC 3.2.1.8) (1,4-beta-D-xylan xylanohydrolase A) (Endoxylanase)",Thermotoga neapolitana,MRKKRRGFLNASTAVLVGILAGFLGVVLAATGALGFAVRESLLLKQFLFLSFEGNTDGASPFGKDVVVTASQDVAADGEYSLKVENRTSVWDGVEIDLTGKVNTGTDYLLSFHVYQTSDSPQLFSVLARTEDEKGERYKILADKVVVPNYWKEILVPFSPTFEGTPAKFSLIITSPKKTDFVFYVDNVQVLTPKEAGPKVVYETSFEKGIGDWQPRGSDVKISISPKVAHSGKKSLFVSNRQKGWHGAQISLKGILKTGKTYAFEAWVYQESGQDQTIIMTMQRKYSSDSSTKYEWIKAATVPSGQWVQLSGTYTIPAGVTVEDLTLYFESQNPTLEFYVDDVKVVDTTSAEIKLEMNPEEEIPALKDVLKDYFRVGVALPSKVFINQKDIALISKHSNSSTAENEMKPDSLLAGIENGKLKFRFETADKYIEFAQQNGMVVRGHTLVWHNQTPEWFFKDENGNLLSKEEMTERLREYIHTVVGHFKGKVYAWDVVNEAVDPNQPDGLRRSTWYQIMGPDYIELAFKFAREADPNAKLFYNDYNTFEPKKRDIIYNLVKSLKEKGLIDGIGMQCHISLATDIRQIEEAIKKFSTIPGIEIHITELDISVYRDSTSNYSEAPRTALIEQAHKMAQLFKIFKKYSNVITNVTFWGLKDDYSWRATRRNDWPLIFDKDYQAKLAYWAIVAPEVLPPLPKESKISEGEAVVVGMMDDSYMMSKPIEIYDEEGNVKATIRAIWKDSTIYVYGEVQDATKKPAEDGVAIFINPNNERTPYLQPDDTYVVLWTNWKSEVNREDVEVKKFVGPGFRRYSFEMSITIPGVEFKKDSYIGFDVAVIDDGKWYSWSDTTNSQKTNTMNYGTLKLEGVMVATAKYGTPVIDGEIDDIWNTTEEIETKSVAMGSLEKNATAKVRVLWDEENLYVLAIVKDPVLNKDNSNPWEQDSVEIFIDENNHKTGYYEDDDAQFRVNYMNEQSFGTGASAARFKTAVKLIEGGYIVEAAIKWKTIKPSPNTVIGFNVQVNDANEKGQRVGIISWSDPTNNSWRDPSKFGNLRLIK
7.3232323232323235,0.0,8.080808080808081,9.090909090909092,4.040404040404041,7.828282828282829,2.525252525252525,5.555555555555555,4.545454545454546,7.575757575757576,1.5151515151515151,4.797979797979798,4.292929292929292,4.797979797979798,5.05050505050505,4.545454545454546,4.040404040404041,6.8181818181818175,3.0303030303030303,4.545454545454546,396.0,45293.71570000008,4.660422325134278,-0.5752525252525251,32.685101010101,0.11616161616161616,19.0,P07528,"Endo-1,4-beta-xylanase A (Xylanase A) (EC 3.2.1.8) (1,4-beta-D-xylan xylanohydrolase A)",Halalkalibacterium halodurans (strain ATCC BAA-125 / DSM 18197 / FERM 7344 / JCM 9153 / C-125) (Bacillus halodurans),MITLFRKPFVAGLAISLLVGGGIGNVAAAQGGPPKSGVFGENEKRNDQPFAWQVASLSERYQEQFDIGAAVEPYQLEGRQAQILKHHYNSLVAENAMKPESLQPREGEWNWEGADKIVEFARKHNMELRFHTLVWHSQVPEWFFIDEDGNRMVDETDPDKREANKQLLLERMENHIKTVVERYKDDVTSWDVVNEVIDDGGGLRESEWYQITGTDYIKVAFETARKYGGEEAKLYINDYNTEVPSKRDDLYNLVKDLLEQGVPIDGVGHQSHIQIGWPSIEDTRASFEKFTSLGLDNQVTELDMSLYGWPPTGAYTSYDDIPAELLQAQADRYDQLFELYEELAADISSVTFWGIADNHTWLDGRAREYNNGVGIDAPFVFDHNYRVKPAYWRIID
6.4144736842105265,0.9868421052631579,4.934210526315789,4.934210526315789,3.7828947368421053,12.006578947368421,1.9736842105263157,3.9473684210526314,7.565789473684211,4.111842105263158,3.618421052631579,5.592105263157895,2.7960526315789473,3.9473684210526314,2.631578947368421,9.703947368421053,6.578947368421052,7.072368421052631,1.8092105263157896,5.592105263157895,608.0,66402.39310000013,7.963150978088378,-0.5156249999999996,25.444292763157875,0.11184210526315788,8.0,P35811,"Endo-1,4-beta-xylanase C (Xylanase C) (EC 3.2.1.8) (1,4-beta-D-xylan xylanohydrolase C)",Fibrobacter succinogenes (strain ATCC 19169 / S85),MKTFSVTKSSVVFAMALGMASTAFAQDFCSNAQHSGQKVTITSNQTGKIGDIGYELWDENGHGGSATFYSDGSMDCNITGAKDYLCRAGLSLGSNKTYKELGGDMIAEFKLVKSGAQNVGYSYIGIYGWMEGVSGTPSQLVEYYVIDNTLANDMPGSWIGNERKGTITVDGGTYTVYRNTRTGPAIKNSGNVTFYQYFSVRTSPRDCGTINISEHMRQWEKMGLTMGKLYEAKVLGEAGNVNGEVRGGHMDFPHAKVYVKNGSDPVSSSSVKSSSSTDAPKSSSSKGNGNVSGKIDACKDVMGHEGKETRTQGQNNSSVTGNVGSSPYHYEIWYQGGNNSMTFYDNGTYKASWNGTNDFLARVGFKYDEKHTYEELGPIDAYYKWSKQGSAGGYNYIGIYGWTVDPLVEYYIVDDWFNKPGANLLGQRKGEFTVDGDTYEIWQNTRVQQPSIKGTQTFPQYFSVRKSARSCGHIDITAHMKKWEELGMKMGKMYEAKVLVEAGGGSGSFDVTYFKMTDKAHPLAQPEPESSSSEAKVESSSSTVALHAAPKMELKSGNFQVFDMQGRFLGTVKLDAGASVAQVLKANFKNAGIYMVKQGNFMQRVAVK
6.326723323890462,0.09442870632672333,6.8932955618508025,7.64872521246459,4.2492917847025495,6.515580736543909,1.13314447592068,6.987724268177526,8.026440037771483,6.515580736543909,1.8885741265344664,5.099150141643059,4.343720491029273,3.39943342776204,3.210576015108593,6.421152030217186,6.421152030217186,8.21529745042493,2.4551463644948064,4.1548630783758265,1059.0,119641.7277000008,5.021634101867675,-0.38999055712936637,29.786525023607293,0.10859301227573182,38.0,Q60037,"Endo-1,4-beta-xylanase A (Xylanase A) (EC 3.2.1.8) (1,4-beta-D-xylan xylanohydrolase A)",Thermotoga maritima (strain ATCC 43589 / DSM 3109 / JCM 10099 / NBRC 100826 / MSB8),MQVRKRRGLLDVSTAVLVGILAGFLGVVLAASGVLSFGKEASSKGDSSLETVLALSFEGTTEGVVPFGKDVVLTASQDVAADGEYSLKVENRTSPWDGVEIDLTGKVKSGADYLLSFQVYQSSDAPQLFNVVARTEDEKGERYDVILDKVVVSDHWKEILVPFSPTFEGTPAKYSLIIVASKNTNFNFYLDKVQVLAPKESGPKVIYETSFENGVGDWQPRGDVNIEASSEVAHSGKSSLFISNRQKGWQGAQINLKGILKTGKTYAFEAWVYQNSGQDQTIIMTMQRKYSSDASTQYEWIKSATVPSGQWVQLSGTYTIPAGVTVEDLTLYFESQNPTLEFYVDDVKIVDTTSAEIKIEMEPEKEIPALKEVLKDYFKVGVALPSKVFLNPKDIELITKHFNSITAENEMKPESLLAGIENGKLKFRFETADKYIQFVEENGMVIRGHTLVWHNQTPDWFFKDENGNLLSKEAMTERLKEYIHTVVGHFKGKVYAWDVVNEAVDPNQPDGLRRSTWYQIMGPDYIELAFKFAREADPDAKLFYNDYNTFEPRKRDIIYNLVKDLKEKGLIDGIGMQCHISLATDIKQIEEAIKKFSTIPGIEIHITELDMSVYRDSSSNYPEAPRTALIEQAHKMMQLFEIFKKYSNVITNVTFWGLKDDYSWRATRRNDWPLIFDKDHQAKLAYWAIVAPEVLPPLPKESRISEGEAVVVGMMDDSYLMSKPIEILDEEGNVKATIRAVWKDSTIYIYGEVQDKTKKPAEDGVAIFINPNNERTPYLQPDDTYAVLWTNWKTEVNREDVQVKKFVGPGFRRYSFEMSITIPGVEFKKDSYIGFDAAVIDDGKWYSWSDTTNSQKTNTMNYGTLKLEGIMVATAKYGTPVIDGEIDEIWNTTEEIETKAVAMGSLDKNATAKVRVLWDENYLYVLAIVKDPVLNKDNSNPWEQDSVEIFIDENNHKTGYYEDDDAQFRVNYMNEQTFGTGGSPARFKTAVKLIEGGYIVEAAIKWKTIKPTPNTVIGFNIQVNDANEKGQRVGIISWSDPTNNSWRDPSKFGNLRLIK
8.449396471680593,1.2070566388115136,5.7567316620241415,4.642525533890436,4.36397400185701,7.892293407613741,1.4856081708449396,5.10677808727948,4.735376044568245,6.128133704735376,2.042711234911792,8.170844939647168,4.178272980501393,3.6211699164345403,3.6211699164345403,6.8709377901578454,6.499535747446611,7.242339832869081,1.5784586815227482,6.406685236768802,1077.0,119671.23170000064,5.3369768142700185,-0.3581244196843076,34.95826369545047,0.12349117920148561,22.0,P51584,"Endo-1,4-beta-xylanase Y (Xylanase Y) (EC 3.2.1.8) (1,4-beta-D-xylan xylanohydrolase Y) (XylY)",Acetivibrio thermocellus (Hungateiclostridium thermocellum) (Clostridium thermocellum),MKNKRVLAKITALVVLLGVFFVLPSNISQLYADYEVVHDTFEVNFDGWCNLGVDTYLTAVENEGNNGTRGMMVINRSSASDGAYSEKGFYLDGGVEYKYSVFVKHNGTGTETFKLSVSYLDSETEEENKEVIATKDVVAGEWTEISAKYKAPKTAVNITLSITTDSTVDFIFDDVTITRKGMAEANTVYAANAVLKDMYANYFRVGSVLNSGTVNNSSIKALILREFNSITCENEMKPDATLVQSGSTNTNIRVSLNRAASILNFCAQNNIAVRGHTLVWHSQTPQWFFKDNFQDNGNWVSQSVMDQRLESYIKNMFAEIQRQYPSLNLYAYDVVNEAVSDDANRTRYYGGAREPGYGNGRSPWVQIYGDNKFIEKAFTYARKYAPANCKLYYNDYNEYWDHKRDCIASICANLYNKGLLDGVGMQSHINADMNGFSGIQNYKAALQKYINIGCDVQITELDISTENGKFSLQQQADKYKAVFQAAVDINRTSSKGKVTAVCVWGPNDANTWLGSQNAPLLFNANNQPKPAYNAVASIIPQSEWGDGNNPAGGGGGGKPEEPDANGYYYHDTFEGSVGQWTARGPAEVLLSGRTAYKGSESLLVRNRTAAWNGAQRALNPRTFVPGNTYCFSVVASFIEGASSTTFCMKLQYVDGSGTQRYDTIDMKTVGPNQWVHLYNPQYRIPSDATDMYVYVETADDTINFYIDEAIGAVAGTVIEGPAPQPTQPPVLLGDVNGDGTINSTDLTMLKRSVLRAITLTDDAKARADVDKNGSINSTDVLLLSRYLLRVIDKFPVAENPSSSFKYESAVQYRPAPDSYLNPCPQAGRIVKETYTGINGTKSLNVYLPYGYDPNKKYNIFYLMHGGGENENTIFSNDVKLQNILDHAIMNGELEPLIVVTPTFNGGNCTAQNFYQEFRQNVIPFVESKYSTYAESTTPQGIAASRMHRGFGGFSMGGLTTWYVMVNCLDYVAYFMPLSGDYWYGNSPQDKANSIAEAINRSGLSKREYFVFAATGSDHIAYANMNPQIEAMKALPHFDYTSDFSKGNFYFLVAPGATHWWGYVRHYIYDALPYFFHE
8.195211786372008,0.09208103130755065,7.734806629834254,6.353591160220995,3.2228360957642725,8.011049723756907,1.4732965009208103,4.23572744014733,8.195211786372008,8.47145488029466,2.0257826887661143,4.23572744014733,3.867403314917127,4.327808471454881,3.959484346224678,6.8139963167587485,5.985267034990792,7.18232044198895,2.3020257826887662,3.314917127071823,1086.0,120584.25920000079,5.481291007995605,-0.49917127071823,27.324686924493726,0.08839779005524862,37.0,O69230,"Endo-1,4-beta-xylanase C (Xylanase C) (EC 3.2.1.8) (1,4-beta-D-xylan xylanohydrolase C)",Paenibacillus barcinonensis,MRGKWLRLCLAAVLIVSLLPGLGAGEWKASAAKAGDILLSHSFEEGTTQGWTARGGVKVDVTAEQAYQGKQSLQTTGRTEAWNGPSLSLTDVVHKNEVVEISGYVKLVAGSAPPDLKFTVERRDRNGDTQYDQVNAAEQVTDQKWVKLQGQYSYEQGSSLLLYLESTDAKAAYLLDEFQIRLVKAAPENPGEPGEAGQALFKAYFEDGNIGNWRARGTEKLEVVSGIGHNSNRSLKTSSRSETYHGPLVEVLPYLQKGSTVHISFWAMYDEGPATQVINGSLEKEFNRDTANLEYAMFASTTLNKGQWKKIEADIIVPAESTGISGLRMYAETPWKQSSEVTETDTIPFYVDDVQITATEAIAIEKNIPDLAKKLGSSYALGAAIDQTALDPKDPHSELLTKHFNSITAGNFMKMDAMQPTEGKFVWSEADKLVNFAAANNMQVRGHTLLWHSQVPDWFFTDPNDPSKPATREQLMQRMKTHIQTIVSRYKGKVHTWDVVNEVISDGGGLRNQASGSKWRDIIGDVDGDGDDSDYIELAFRYAREADPDAVLVINDYGIEGSVSKMNDMVKLVEKLLAKGTPIDAIGFQMHVSMYGPDIKQIREAFNRAAALGVHIQVTELDMSIYSGNSEQEKPVTDEMMLEQAYRYRALFDLFKEFDDRGVMDSVTLWGLADDGTWLDDFPVKGRKDAPLLFDRKLKAKPAYWALVDPSTLPVYRNEWTASQAKVSLPDRKGQEDIIWGAVRALPFSHVIEGAVGTTGEVKTLWDGKQLNLRIEVKDATRLKGDQVEVFVSPEDMTAGKKNSTPKDGQYIFNRDGGKGKDQKLYQVKENKSGYVVYASLPLSSADLAAGKVLSLDFRITDKQPNGKTSIVVWNDVNNQQPQKTENRGKLKLGFDLKHAKVMYGTPTVDGKEDKLWKKAVTITTDVKVTGNSGAKAKAKLLWDEKYLYVLAEVKDPLLSKKSANAHEQDSIELFIDLNKNQTNSYEEDDAQYRVNFDNETSFGGSPRKELFKSATRLTKEGYIVEAAIPLENVRTKESKWIGFDLQVNDDGAGDGKRSSVFMWSDPSGNSYRDTSGFGSLLLMKK
10.801963993453354,1.309328968903437,4.4189852700491,2.454991816693944,3.273322422258593,8.01963993453355,1.309328968903437,4.4189852700491,1.800327332242226,5.237315875613748,1.4729950900163666,7.855973813420622,4.746317512274959,4.4189852700491,4.4189852700491,16.0392798690671,5.237315875613748,6.873977086743044,2.454991816693944,3.436988543371522,611.0,64803.38730000022,6.082761192321777,-0.28756137479541743,42.701816693944465,0.09165302782324058,7.0,P14768,"Endo-1,4-beta-xylanase A (Xylanase A) (EC 3.2.1.8) (1,4-beta-D-xylan xylanohydrolase A) (XYLA)",Cellvibrio japonicus (strain Ueda107) (Pseudomonas fluorescens subsp. cellulosa),MRTAMAKSLGAAAFLGAALFAHTLAAQTATCSYNITNEWNTGYTGDITITNRGSSAINGWSVNWQYATNRLSSSWNANVSGSNPYSASNLSWNGNIQPGQSVSFGFQVNKNGGSAERPSVGGSICSGSVASSSAPASSVPSSIASSSPSSVASSVISSMASSSPVSSSSVASSTPGSSSGNQQCNWYGTLYPLCVTTTNGWGWEDQRSCIARSTCAAQPAPFGIVGSGSSTPVSSSSSSLSSSSVVSSIRSSSSSSSSSVATGNGLASLADFPIGVAVAASGGNADIFTSSARQNIVRAEFNQITAENIMKMSYMYSGSNFSFTNSDRLVSWAAQNGQTVHGHALVWHPSYQLPNWASDSNANFRQDFARHIDTVAAHFAGQVKSWDVVNEALFDSADDPDGRGSANGYRQSVFYRQFGGPEYIDEAFRRARAADPTAELYYNDFNTEENGAKTTALVNLVQRLLNNGVPIDGVGFQMHVMNDYPSIANIRQAMQKIVALSPTLKIKITELDVRLNNPYDGNSSNDYTNRNDCAVSCAGLDRQKARYKEIVQAYLEVVPPGRRGGITVWGIADPDSWLYTHQNLPDWPLLFNDNLQPKPAYQGVVEALSGR
6.363636363636363,0.9090909090909091,6.363636363636363,7.575757575757576,6.0606060606060606,4.545454545454546,4.848484848484849,6.969696969696971,3.939393939393939,7.575757575757576,1.8181818181818181,4.242424242424243,4.242424242424243,4.848484848484849,6.363636363636363,6.666666666666667,4.242424242424243,6.666666666666667,3.0303030303030303,2.727272727272727,330.0,38472.93140000007,5.71944637298584,-0.41000000000000036,38.29760606060605,0.11818181818181818,14.0,P45703,"Endo-1,4-beta-xylanase (Xylanase) (EC 3.2.1.8) (1,4-beta-D-xylan xylanohydrolase)",Geobacillus stearothermophilus (Bacillus stearothermophilus),MCSSIPSLREVFANDFRIGAAVNPVTLEAQQSLLIRHVNSLTAENHMKFEHLQPEEGRFTFDIAIKSSTSPFSSHGVRGHTLVWHNQTPSWVFQDSQGHFVGRDVLLERMKSHISTVVQRYKGKVYCWDVINEAVADEGSEWLRSSTWRQIIGDDFIQQAFLYAHEADPEALLFYNDYNECFPEKREKIYTLVKSLRDKGIPIHGIGMQAHWSLNRPTLDEIRAAIERYASLGVILHITELDISMFEFDDHRKDLAAPTNEMVERQAERYEQIFSLFKEYRDVIQNVTFWGIADDHTWLDHFPVQGRKNWPLLFDEQHNPKPAFWRVVNI
4.980842911877394,1.1494252873563218,3.4482758620689653,3.4482758620689653,3.8314176245210727,9.195402298850574,0.7662835249042145,6.130268199233716,6.896551724137931,4.980842911877394,2.2988505747126435,7.662835249042145,2.681992337164751,3.8314176245210727,3.065134099616858,9.961685823754788,11.494252873563218,5.363984674329502,2.681992337164751,6.130268199233716,261.0,29032.202200000003,9.244782447814941,-0.45900383141762463,35.104980842911864,0.12643678160919541,2.0,P17137,"Endo-1,4-beta-xylanase (Xylanase) (EC 3.2.1.8) (1,4-beta-D-xylan xylanohydrolase)",Clostridium saccharobutylicum,MLRRKVIFTVLATLVMTSLTIVDNTAFAATNLNTTESTFSKEVLSTQKTYSAFNTQAAPKTITSNEIGVNGGYDYELWKDYGNTSMTLKNGGAFSCQWSNIGNALFRKGKKFNDTQTYKQLGNISVNYDCNYQPYGNSYLCVYGWTSSPLVEYYIVDSWGSWRPPGGTSKGTITVDGGIYDIYETTRINQPSIQGNTTFKQYWSVRRTKRTSGTISVSKHFAAWESKGMPLGKMHETAFNIEGYQSSGKADVNSMSINIGK
6.718346253229974,0.0,7.493540051679587,6.976744186046512,4.651162790697675,5.943152454780361,1.2919896640826873,7.751937984496124,6.976744186046512,8.785529715762273,2.5839793281653747,5.943152454780361,5.426356589147287,3.10077519379845,4.909560723514212,4.651162790697675,4.909560723514212,5.426356589147287,2.3255813953488373,4.1343669250646,387.0,44376.991100000036,5.2387590408325195,-0.40335917312661496,36.68811369509042,0.1111111111111111,13.0,P40942,Thermostable celloxylanase (EC 3.2.1.4) (EC 3.2.1.8),Thermoclostridium stercorarium (Clostridium stercorarium),MNKFLNKKWSLILTMGGIFLMATLSLIFATGKKAFNDQTSAEDIPSLAEAFRDYFPIGAAIEPGYTTGQIAELYKKHVNMLVAENAMKPASLQPTEGNFQWADADRIVQFAKENGMELRFHTLVWHNQTPTGFSLDKEGKPMVEETDPQKREENRKLLLQRLENYIRAVVLRYKDDIKSWDVVNEVIEPNDPGGMRNSPWYQITGTEYIEVAFRATREAGGSDIKLYINDYNTDDPVKRDILYELVKNLLEKGVPIDGVGHQTHIDIYNPPVERIIESIKKFAGLGLDNIITELDMSIYSWNDRSDYGDSIPDYILTLQAKRYQELFDALKENKDIVSAVVFWGISDKYSWLNGFPVKRTNAPLLFDRNFMPKPAFWAIVDPSRLRE
5.448717948717949,3.5256410256410255,7.371794871794872,6.41025641025641,4.807692307692308,4.807692307692308,1.282051282051282,4.807692307692308,10.576923076923077,9.615384615384617,2.564102564102564,6.41025641025641,4.166666666666666,3.8461538461538463,2.564102564102564,3.5256410256410255,4.166666666666666,5.128205128205128,2.2435897435897436,6.730769230769231,312.0,36493.4704,6.160914802551268,-0.49455128205128235,39.719967948717944,0.13782051282051283,8.0,P23557,"Putative endo-1,4-beta-xylanase (Xylanase) (EC 3.2.1.8) (1,4-beta-D-xylan xylanohydrolase) (ORF4)",Caldicellulosiruptor saccharolyticus (Caldocellum saccharolyticum),MKQQYLLDYEATKASKNGMPVCKFDSCIPALQFCKENGIKMRGHVLVWHNQTPEWFFHKDYDVSKPLVDAATMERRLESYIKQVIEFCQKNYPGVVYCWDVVNEAILDDGSWREINNNWYTIMKEKYVEKAFYYARKYAKKDVALFYNDYNVFLPAKREAIYNLAQKLKEKGLIDGLGLQPTVGLNYPELDSDDIDSFKTTLETFAKLGLQIHITELNFEIKGDESNRTPENLKKQADRYYEMMKLLLKEDTDNGGPCNITCVTVFGICDDYPLYKNFKQCMYLWDKNCNPKPCFYSFLQAGLDWKASLLSK
5.238095238095238,0.0,2.857142857142857,1.4285714285714286,2.857142857142857,12.857142857142856,0.4761904761904762,2.857142857142857,3.8095238095238098,5.238095238095238,2.857142857142857,8.571428571428571,2.857142857142857,3.8095238095238098,3.8095238095238098,10.0,10.476190476190476,7.6190476190476195,5.238095238095238,7.142857142857142,210.0,23220.5086,9.545269584655763,-0.432857142857143,24.42809523809524,0.1523809523809524,0.0,P45705,"Endo-1,4-beta-xylanase A (Xylanase A) (EC 3.2.1.8) (1,4-beta-D-xylan xylanohydrolase A)",Geobacillus stearothermophilus (Bacillus stearothermophilus),MKLKKKMLTLLLTASMSFGLFGATSSAATDYWQYWTDGGGMVNAVNGPGGNYSVTWQNTGNFVVGKGWTVGSPNRVINYNAGIWEPSGNGYLTLYGWTRNALIEYYVVDSWGTYRPTGNYKGTVNSDGGTYDIYTTMRYNAPSIDGTQTFQQFWSVRQSKRPTGSNVSITFSNHVNAWRSKGMNLGSSWAYQVLATEGYQSSGRSNVTVW
5.780346820809249,0.8670520231213872,4.624277456647398,8.959537572254336,5.491329479768786,7.225433526011561,2.601156069364162,8.092485549132949,7.225433526011561,8.670520231213873,2.312138728323699,6.358381502890173,4.335260115606936,2.312138728323699,4.913294797687861,3.7572254335260116,2.601156069364162,5.780346820809249,2.8901734104046244,5.202312138728324,346.0,40337.74140000002,6.0433149337768555,-0.34537572254335297,34.251734104046236,0.13583815028901736,10.0,Q60041,"Endo-1,4-beta-xylanase B (Xylanase B) (EC 3.2.1.8) (1,4-beta-D-xylan xylanohydrolase B)",Thermotoga neapolitana,MKGLPALLLLLIGCVSSFGSQDVPLRVLAEKLNIHIGFAAGNNFWSLPDAEKYMEVAKREFNILTPGNQMKWDTIHPERNRYNFEPAEKHVEFALKNDMIVHGHTLVWHNQLPGWLTGQEWSKEELLNILEDHVKTVVSHFRGRVKIWDVVNEAVSDSGTYRESIWYRTIGPEYIEKALIWAKEADPDAILIYNDYNIEEINAKSNFVYNMIKNLREKGVPIDGIGFQMHIDYRGINYESFKKNLERFAELGLQIYITEMDRGFPLGGSVGYYLKKQAEVYRRIFEICLDNPAVRAIQFWGFTDKYSWVPGFFKGYGKALIFDENYNPKPCYFAIRELMEEKLKER
6.775067750677506,1.084010840108401,6.504065040650407,5.149051490514905,4.0650406504065035,5.9620596205962055,3.7940379403794036,6.504065040650407,8.94308943089431,7.046070460704606,2.710027100271003,6.233062330623306,4.336043360433604,4.0650406504065035,2.9810298102981028,3.523035230352303,3.7940379403794036,8.401084010840108,2.168021680216802,5.9620596205962055,369.0,42523.203499999996,7.68976993560791,-0.3899728997289978,26.136314363143644,0.12195121951219512,8.0,P48789,"Endo-1,4-beta-xylanase A (Xylanase A) (EC 3.2.1.8) (1,4-beta-D-xylan xylanohydrolase A)",Xylanibacter ruminicola (Prevotella ruminicola),MRKLTQFCLGLMLLPIAAVAQNQPTMKDVLGKYFLVGTALNSHQIWTHDPKIVHAITDNFNSVVAENCMKGEIIHPEEDYYDWHDADQLVKFAEQHKMTVHGHCLVWHSQAPKWMFTDKEGKEVTREVLIDRMYHHITNVVKRYKGKIKGWDVVNEAILDNGEYRQSPYYKIIGPDFIKLAFIFAHQADPDAELYYNDYSMSIPAKRNAVVKLVKELKAAGCRIDAVGMQSHNGFNYPNLEDYENSIKAFIAAGVDVQFTELDVNMLPNPKSFGGAEISQNYKYNKELNPYVNGLTKAAQKTFDQQYLSFFKIYRKYVDHIKRVTVWGVDDGSSWLNGWPVPGRTNYGLLIDRNYKVKPVVKEIIKLYE
6.648936170212766,0.7978723404255319,5.585106382978723,6.914893617021277,4.787234042553192,6.117021276595745,2.393617021276596,6.914893617021277,9.574468085106384,6.914893617021277,3.723404255319149,5.851063829787234,4.521276595744681,2.393617021276596,4.25531914893617,5.851063829787234,3.4574468085106385,7.446808510638298,1.8617021276595744,3.9893617021276597,376.0,42979.03110000003,8.779514122009278,-0.37287234042553224,30.19151595744681,0.10638297872340427,10.0,P49942,"Endo-1,4-beta-xylanase A (Xylanase A) (EC 3.2.1.8) (1,4-beta-D-xylan xylanohydrolase A)",Bacteroides ovatus,MKLKRIILLLLTVMFSFSYGEVFAKDGSSLKKALKNKFLIGVSVNTHQSSGKDVAAVEIVKKNFNSIVAENCMKSSVIHPKENKYNFAQADEFVSFGESNQMAIIGHCLIWHSQLAPWFCVDKDGNNVSPEVLKKRMKDHITTIVKRYKGRIKGWDVVNEAIEDNGAYRKTKFYEILGEEYIPLAFQYAHEADPDAELYYNDYSMAQPGRREAVVKMVNDLKKRGIRIDAIGMQGHIGMDYPKISEFEKSMLAFAGTGVKIMITELDLTVIPSPNPNVGAEVSASFEYKKEMNPYPDGLPEEVSKAWTERMNDFFRLFLKHHNLITRVTLWGVADQNSWRNDWPMRGRTDYPLLFDRNYQPKPVVGLIIKEAEKTK
5.847953216374268,0.7309941520467835,6.578947368421052,5.409356725146199,5.116959064327485,3.9473684210526314,1.1695906432748537,6.432748538011696,10.67251461988304,9.210526315789473,1.023391812865497,5.847953216374268,4.5321637426900585,3.3625730994152043,2.923976608187134,7.894736842105263,4.824561403508771,7.456140350877193,1.7543859649122806,5.263157894736842,684.0,78352.79110000041,8.888594627380371,-0.357748538011696,31.22226608187135,0.12134502923976608,22.0,P40944,"Endo-1,4-beta-xylanase A (Xylanase A) (EC 3.2.1.8) (1,4-beta-D-xylan xylanohydrolase A)",Caldicellulosiruptor sp. (strain Rt8B.4),MMRSLKSRKLVFILAMLFLINAIVSLKFITYSSANQLASKSKYIEYNFENKSVSPLAKYPSNVVLKVTNSTCAEGTFSVLVAGRKNANDGVIVDITKFLDFSREYEVSFYVLQTTKKLQRISVTLEILDSNDKNQVIAAEKVLLPNIWTKVSAKVQASNYKKAKRINLIVNMPTSKSDSFYIDLFTIKDLENAYVLKQENFENKNTGGFLPEDKNCKITLAKDRAYSSAYSLKVQPSQKTKNGKILFPIKGLLQKGGTYDFSLLVYQDSSKPVNFSAGIKLNDGKSTKEIVLAKQNVAPKKWTQLFATLDLDTRFSAKDVSFFVKPAAAISYYLDLYSISDENWGQPVPDYNLPSLCEKYKNYFKIGVAVPYRALTNPVDVEVIKRHFNSITPENEMKPESLQPYEGGFSFSIADEYVDFCKKDNISLRGHTLVWHQQTPSWFFTNPETGEKLTNSEKDKEILLDRLKKHIQTVVGRYKGKVYAWDVVNEAIDENQPDGYRRSDWYNILGPEYIEKAFIWAHEADPKAKLFYNDYSTEDPYKREFIYKLIKNLKAKGVPVHGVGLQCHISLDWPDVSEIEETVKLFSRIPGLEIHFTEIDISIAKNMTDDDAYNRYLLVQQAQKLKAIFDVLKKYRNVVTSVTFWGLKDDYSWLRGDMPLLSDKDYQPKFAFWSLIDPSVVPKE
7.083716651333946,0.09199632014719411,8.463661453541858,4.875804967801288,3.3118675252989878,6.439742410303588,1.1959521619135236,7.083716651333946,6.6237350505979755,6.807727690892364,2.2999080036798527,7.8196872125115,3.863845446182153,3.5878564857405704,1.7479300827966882,7.911683532658693,7.727690892364306,6.807727690892364,2.02391904323827,4.231830726770929,1087.0,120356.78210000097,4.6112565994262695,-0.3899724011039546,25.105611775529056,0.09567617295308188,37.0,P38535,"Exoglucanase XynX (EC 3.2.1.91) (1,4-beta-cellobiohydrolase) (Exocellobiohydrolase)",Acetivibrio thermocellus (Hungateiclostridium thermocellum) (Clostridium thermocellum),MKNNLSKFVSIFTAFIMIFGTSLFFPHVSAFADDNNANLVSNGDFESGTIDGWIKQGNPTLAATTEEAIGQYSMKVAGRTQTYEGPAYSFLGKMQKGQSYNVSLKVRLVSGQNSSNPLITVTMFREDDNGKHYDTIVWQKQVSEDSWTTVNGTYTLDYTGTLKTLYMYVESPDPTLEYYIDDVVVTPQNPIQVGEISNNQITIQNDIPDLSSVFKDYFPIGVAVDPSRLNDTDPHAQLTAKHFNMLVAENAMKPESLQPTEGNFTFDNADRIVDYAIAHNMKMRGHTLLWHNQVPDWFFQDPSDPTKPASRDLLLQRLKTHITTVLDHFKTKYGAQNPIIGWDVVNEVLDDNGSLRNSKWLQIIGPDYIEKAFEYAHEADPSMKLFINDYNIENNGVKTQAMYDLVKKLKSEGVPISGIGMQMHININSNIDNIKASIEKLASLGVEIQVTELDMNMNGNVSNEALLKQARLYKQLFDLFKAEKQYITAVVFWGVSDDVTWLSKPNAPLLFDSKLQAKPAYWAIADPSKAIPDIQSAKALEGSPTIGANVDSSWKLVKPLYANTYVEGTVGATATVKSMWDTKNLYLLVQVSDNTPSSNDGIEIFVDKNDNKSTSYETDDEHYTIKSDGTGSSDITKYVTSNADGYIVQLAIPIEDISPTLNDKIGLDVRLNDDKGSGSIDTVTVWNDYTNSQDTNTSYFGDIVLSKPAQVATAIYGTPVIDGKIDDIWNKVDAITTNTWVLGSDGATATAKMMWDDKYLYVLADVTDSNLNKSSVNPYEQDSVEVFVDQNNDKTSYYESDDGQYRVNYDNEQSFGGSTNSNGFKSATSLTQSGYIVEEAIPWTSITLLNGTIIGFDLQVNDADENGKRTGIVTWCDPSGNSWQDTSGFGNLLLTGKPSGVLKKSVTFNDIKDNWAKDVIEVLASRHIVEGMTDTQYEPSKTVTRAEFTAMILKLLNIKEEAYNGEFSDVKNGDWYANAIEAAYKAGIIEGDGKNMRPNDSITREEMTSIAMRAYEMLTSYKEENIGATSFNDDKSISDWAKNVVANAAKLGIINGEPSNVFAPKGIATRAEAAAIIYGLLEKSNNL
