Accession,ID,Protein_Name,Organism,EC,Sequence_Length,Sequence,Optimum_Temperature,Optimum_pH,Thermo_Class
B3A0S5,XYNA_FUSO4,"Endo-1,4-beta-xylanase A (Xylanase A) (EC 3.2.1.8) (1,4-beta-D-xylan xylanohydrolase A) (Endo-1,4-beta-xylanase GH10 A) (FoXyn10a) (Xylanase III)",Fusarium oxysporum f. sp. lycopersici (strain 4287 / CBS 123668 / FGSC 9935 / NRRL 34936) (Fusarium vascular wilt of tomato),3.2.1.8,327,AASGLEAAMKAAGKQYFGTALTVRNDQGEIDIINNKNEIGSITPENAMKWEAIQPNRGQFNWGPADQHAAAATSRGYELRCHTLVWHSQLPSWVANGNWNNQTLQAVMRDHINAVMGRYRGKCTHWDVVNEALNEDGTYRDSVFLRVIGEAYIPIAFRMALAADPTTKLYYNDYNLEYGNAKTEGAKRIARLVKSYGLRIDGIGLQAHMTSESTPTQNTPTPSRAKLASVLQGLADLGVDVAYTELDIRMNTPATQQKLQTNADAYARIVGSCMDVKRCVGITVWGISDKYSWVPGTFPGEGSALLWNDNFQKKPSYTSTLNTINRR,,,
P55330,XYNB_ASPNG,"Endo-1,4-beta-xylanase B (Xylanase B) (EC 3.2.1.8) (1,4-beta-D-xylan xylanohydrolase B) (Endo-1,4-beta-xylanase G1) (Xylanase G1) (Endo-1,4-beta-xylanase II) (Xylanase II)",Aspergillus niger,3.2.1.8,225,MLTKNLLLCFAAAKAALAVPHDSVAQRSDALHMLSERSTPSSTGENNGFYYSFWTDGGGDVTYTNGDAGAYTVEWSNVGNFVGGKGWNPGSAQDITYSGTFTPSGNGYLSVYGWTTDPLIEYYIVESYGDYNPGSGGTYKGTVTSDGSVYDIYTATRTNAASIQGTATFTQYWSVRQNKRVGGTVTTSNHFNAWAKLGMNLGTHNYQIVATEGYQSSGSSSITVQ,,,
Q00177,XYNC_EMENI,"Endo-1,4-beta-xylanase C (Xylanase C) (EC 3.2.1.8) (1,4-beta-D-xylan xylanohydrolase C) (34 kDa xylanase) (Xylanase X34)",Emericella nidulans (strain FGSC A4 / ATCC 38163 / CBS 112.46 / NRRL 194 / M139) (Aspergillus nidulans),3.2.1.8,327,MVHLKTLAGSAVFASLATAAVLPRQSASLNDLFVAAGKSYFGTCSDQALLQNSQNEAIVASQFGVITPENSMKWDALEPSQGNFGWSGADYLVDYATQHNKKVRGHTLVWHSQLPSWVSSIGDANTLRSVMTNHINEVVGRYKGKIMHWDVVNEIFNEDGTFRNSVFYNLLGEDFVRIAFETARAADPDAKLYINDYNLDSASYAKTQAMASYVKKWLAEGVPIDGIGSQAHYSSSHWSSTEAAGALSSLANTGVSEVAITELDIAGAASSDYLNLLNACLNEQKCVGITVWGVSDKDSWRASDSPLLFDGNYQPKDAYNAIVNALS,,,
B8YG19,XS20E_NEOPA,"Bifunctional acetylxylan esterase/xylanase XynS20E [Includes: Acetylxylan esterase (EC 3.1.1.72); Endo-1,4-beta-xylanase (Xylanase) (EC 3.2.1.8) (1,4-beta-D-xylan xylanohydrolase)]",Neocallimastix patriciarum (Rumen fungus),3.1.1.72; 3.2.1.8,671,MRLGVALSTIAVLLTATSARNLDKRQWGWPNFGGGNGGNGGNGGKTINDYKREQGAGRDIHVYAPSNLAPNSPLLLSLHGMDQDPNYQQSNTHWETLADSEGFVVVYPRGGTGMSTWDIQGTKDTQWVSQIIDQMKKEYNIDTKRVYLSGFSMGGMFTYHAMSQIANKIAAFAPCSGPNVFGASKAQRPVPIFHVHGTNDDVLNYQQVEGFLKNYRDQFHCPSQADTKTNYPNRENPNATLYTWGPCDKGVYIKHLKLQGRGHSPSSADIQDIWDFVSQWTVDGPVSASGNGGGNTTPTNPSTGGNGNGNGGGNTTPTNPSTGGNGNGNGGSTDKCSSNITKQGYKCCASNCEVVYTDSDGDWGVENDQWCGCGNRVTVGSGTCSAKILQQGYKCCPSGCIIYYTDEDGTWGVNGEEWCGCGSGSSSTGGGNDAPSSGSGYQGANGTNFCNNAKHSGESVTVTSNKVGDINGIGYELWADSGNNSATFYDDGSFSCSFQRAKDYLCRSGLSFDSTKTHKQIGHIYAEFKLVKQNIQNVDYSYVGIYGWTRNPLVEFYVVDNWLSQWRPGDWVGNKKHGDFTIGGAQYTVYENTRYGPSIDGDTNFKQYFSIRQQPRDCGTIDITAHFEQWEKLGMTMGKMHEAKVLGEAGSNNGGTSGTADFPFAKVYVKN,,,
Q9HFH0,XYNC_TALFU,"Endo-1,4-beta-xylanase C (Xylanase C) (EC 3.2.1.8) (1,4-beta-D-xylan xylanohydrolase C)",Talaromyces funiculosus (Fruitlet core rot fungus) (Penicillium funiculosum),3.2.1.8,223,MKLFLAAIVLCATAATAFPSELAQRAAGDLSKRQSITTSQTGTNNGYYYSFWTNGGGEVTYTNGDNGEYSVTWVDCGDFTSGKGWNPANAQTVTYSGEFNPSGNAYLAVYGWTTDPLVEYYILESYGTYNPSSGLTSLGQVTSDGGTYDIYSTQRVNQPSIEGTSTFNQYWSVRTEKRVGGTVTTANHFAAWKALGLEMGTYNYMIVSTEGYESSGSSTITVS,,,
Q8J0K5,XYNB_TALFU,"Endo-1,4-beta-xylanase B (Xylanase B) (EC 3.2.1.8) (1,4-beta-D-xylan xylanohydrolase B)",Talaromyces funiculosus (Fruitlet core rot fungus) (Penicillium funiculosum),3.2.1.8,282,MGISSILLSALIAGGALALPAAEPVSFDIRDENITLARRAEAINYNQDYIASGANVQYSPNMAAGSFSINYNTQGDFVVGLGWQPGDANPITYSGSFSASGVGILAVYGWSTNPLVEYYVMEVHDGYQTAGTHKGTVTTDGGTYDIWEHQQVNQPSILGTSTFNQYISIRQSPRTSGTVTVQNHFNAWAQAGMNLGTLNYQVMAVESWSGSGSGQISLSKGTGGGSTTTTPTGPTSTSTAPSSGGTGAAQWGQCGGIGWTGPTTCVAPYTCKYENAYYSQCQ,,,
G0RUP7,XYN2_HYPJQ,"Endo-1,4-beta-xylanase 2 (Xylanase 2) (EC 3.2.1.8) (1,4-beta-D-xylan xylanohydrolase 2) (Alkaline endo-beta-1,4-xylanase)",Hypocrea jecorina (strain QM6a) (Trichoderma reesei),3.2.1.8,223,MVSFTSLLAGVAAISGVLAAPAAEVESVAVEKRQTIQPGTGYNNGYFYSYWNDGHGGVTYTNGPGGQFSVNWSNSGNFVGGKGWQPGTKNKVINFSGSYNPNGNSYLSVYGWSRNPLIEYYIVENFGTYNPSTGATKLGEVTSDGSVYDIYRTQRVNQPSIIGTATFYQYWSVRRNHRSSGSVNTANHFNAWAQQGLTLGTMDYQIVAVEGYFSSGSASITVS,,,
B3VSG7,XY11A_BOTFB,"Endo-1,4-beta-xylanase 11A (Xylanase 11A) (EC 3.2.1.8) (1,4-beta-D-xylan xylanohydrolase 11A)",Botryotinia fuckeliana (strain B05.10) (Noble rot fungus) (Botrytis cinerea),3.2.1.8,227,MVSASSLLLAASAIAGVFSAPAAAPVSENLNVLQERALTSSATGTSGGYYYSFWTDGSGGVTYSNGANGQYAVSWTGNKGNFVGGKGWAVGSERSISYTGSYKPNGNSYLSVYGWTTSPLIEYYIVEDFGTYDPSSAATEIGSVTSDGSTYKILETTRTNQPSVQGTATFKQYWSVRTSKRTSGTVTTANHFAAWKKLGLTLGSTYNYQIVAVEGYQSSGSASITVS,,,
P36218,XYN1_HYPJR,"Endo-1,4-beta-xylanase 1 (EX 1) (Xylanase 1) (EC 3.2.1.8) (1,4-beta-D-xylan xylanohydrolase 1) (Acidic endo-beta-1,4-xylanase)",Hypocrea jecorina (strain ATCC 56765 / BCRC 32924 / NRRL 11460 / Rut C-30) (Trichoderma reesei),3.2.1.8,229,MVAFSSLICALTSIASTLAMPTGLEPESSVNVTERGMYDFVLGAHNDHRRRASINYDQNYQTGGQVSYSPSNTGFSVNWNTQDDFVVGVGWTTGSSAPINFGGSFSVNSGTGLLSVYGWSTNPLVEYYIMEDNHNYPAQGTVKGTVTSDGATYTIWENTRVNEPSIQGTATFNQYISVRNSPRTSGTVTVQNHFNAWASLGLHLGQMNYQVVAVEGWGGSGSASQSVSN,,,
P36217,XYN2_HYPJR,"Endo-1,4-beta-xylanase 2 (EX 2) (Xylanase 2) (EC 3.2.1.8) (1,4-beta-D-xylan xylanohydrolase 2) (Alkaline endo-beta-1,4-xylanase)",Hypocrea jecorina (strain ATCC 56765 / BCRC 32924 / NRRL 11460 / Rut C-30) (Trichoderma reesei),3.2.1.8,223,MVSFTSLLAGVAAISGVLAAPAAEVESVAVEKRQTIQPGTGYNNGYFYSYWNDGHGGVTYTNGPGGQFSVNWSNSGNFVGGKGWQPGTKNKVINFSGSYNPNGNSYLSVYGWSRNPLIEYYIVENFGTYNPSTGATKLGEVTSDGSVYDIYRTQRVNQPSIIGTATFYQYWSVRRNHRSSGSVNTANHFNAWAQQGLTLGTMDYQIVAVEGYFSSGSASITVS,,,
I1RII8,XYNB_GIBZE,"Endo-1,4-beta-xylanase B (Xylanase B) (EC 3.2.1.8) (1,4-beta-D-xylan xylanohydrolase B) (Xylanase 2)",Gibberella zeae (strain ATCC MYA-4620 / CBS 123657 / FGSC 9075 / NRRL 31084 / PH-1) (Wheat head blight fungus) (Fusarium graminearum),3.2.1.8,228,MVSFTYLLAAVSAVTGAVAAPNPTKVDAQPPSGLLEKRTSPTTGVNNGFYFSFWTDTPSAVTYTNGNGGQFSMNWNGNRGNHVGGKGWNPGAARTIKYSGDYRPNGNSYLAVYGWTRNPLVEYYIVENFGTYNPSSGAQKKGEINIDGSIYDIAVSTRNCAPSIEGDCKTFQQYWSVRRNKRSSGSVNTGAHFNAWAQAGLRLGSHDYQILAVEGYQSSGQATMTVSG,,,
W0HJ53,XYN2_RHIOR,"Endo-1,4-beta-xylanase 2 (Xylanase 2) (EC 3.2.1.8) (1,4-beta-D-xylan xylanohydrolase 2)",Rhizopus oryzae (Mucormycosis agent) (Rhizopus arrhizus var. delemar),3.2.1.8,216,MVSFSSLFVAACAAVTAFALPNELEKRAITSNEQGTNNGYFYSFWTNGGGSVSYNNGAAGQYSVNWKDCGSFTSGKGWATGSARNINFSGSFNPSGNAYLAVYGWTTSPLVEYYIMENYGEYNPGSSMAHKGTVTSDGSVYDIYAHQQVNQPSIVGTATFNQYWSIRRNKRSSGTVTTANHFNAWSRLGMGLGSHNYQIVNTEGYQSSGSASITVS,,,
A0A0B5JC15,XY11B_HUMIN,"Endo-1,4-beta-xylanase 11B (Xylanase 11B) (EC 3.2.1.8) (1,4-beta-D-xylan xylanohydrolase 11B)",Humicola insolens (Soft-rot fungus),3.2.1.8,291,MVAFSSLFLGASIAATALAAPGELPGMHLNKRQTYTQSATGTHDGYYFSFWTDGGPNVRYTNEAGGQYSVTWSGNGNWVGGKGWNPGAARTINYTGTYQPNGNSYLAVYGWTRNPLVEYYVVENFGTYDPSTGAQRLGSINVDGSTYNVYRTRRTNAPSIEGTRSFDQYWSVRVNKRVGGSVDMNAHFNAWRQAGLTLGTHDYQIVATEGYFSSGSARINVGGGSTGGGNNGGGNNGGNPGGNPGGNPGGNPGGNCSPRWGQCGGQGWNGPTCCESGTTCRQQNQWYSQCL,,,
G2X4G0,EIX1_VERDV,"Ethylene-inducing xylanase 1 (EIX1) (EC 3.2.1.8) (Effector Vd424Y) (Endo-1,4-beta-xylanase EIX1)",Verticillium dahliae (strain VdLs.17 / ATCC MYA-4575 / FGSC 10137) (Verticillium wilt),3.2.1.8,223,MVSFTSLLAAFSVVSGVLTSPIAVVPEVNTALAKRTPSSTGTSGGFYYSFWTDTPNSVTYTNGDAGKFSVSWKNNNGNHVGGKGWRTGSARTIKYSGSYKPNGNSYLAIYGWTRSPLIEYYIVESFGTYNPSTGATSKGQFTVDGSVYDLYTSTRTNAPSIEGTRTFTQFWSVRRTKRTSGSVNTGAHFAAWKKAGMNLGSHDYQILAVEGYKSSGSATMTVS,,,
P55333,XYNB_EMENI,"Endo-1,4-beta-xylanase B (Xylanase B) (EC 3.2.1.8) (1,4-beta-D-xylan xylanohydrolase B) (24 kDa xylanase) (Endo-1,4-beta-xylanase G1) (Xylanase G1) (Xylanase X24)",Emericella nidulans (strain FGSC A4 / ATCC 38163 / CBS 112.46 / NRRL 194 / M139) (Aspergillus nidulans),3.2.1.8,221,MVSFSSLLLACSAVTAFAAPSDQSIAERSLSERSTPSSTGTSGGYYYSFWTDGGGDVTYTNGDGGSYTVEWTNVGNFVGGKGWNPGSSQTISYSGSFNPSGNGYLSVYGWTQNPLIEYYIVESYGDYNPGTAGTHQGTLESDGSTYDIYTATRENAPSIEGTATFTQFWSVRQSKRTSGSVTTQNHFDAWSQLGMTLGTHNYQIVAVEGYQSSGSASITVS,,,
V9TNS0,XY43A_HUMIN,"Xylosidase/arabinosidase 43A [Includes: Beta-xylosidase (EC 3.2.1.37) (1,4-beta-D-xylan xylohydrolase) (Xylan 1,4-beta-xylosidase); Alpha-L-arabinofuranosidase (Arabinosidase) (EC 3.2.1.55)]",Humicola insolens (Soft-rot fungus),3.2.1.37; 3.2.1.55,327,MAPLITNIYTADPSAHVFNGKLYIYPSHDRETDIQFNDNGDQYDMADYHVFSLDSLDPPSEVTDHGVVLKVEDIPWVSKQLWAPDAATKDGKYYLYFPARDKEGIFRIGVAVSDKPEGPFTPDPEPIKGSYSIDPAVFVDDDGSAYMYFGGLWGGQLQCYQKGNNIFDAEWSGPKEPSGSGAKALGPRVAKLTDDMRQFAEEVREIVILAPETGEPLAADDHDRRFFEAAWMHKYNGKYYFSYSTGDTHYLVYAVGDSPYGPFTYGGRILEPVLGWTTHHSIVEFQGRWWLFHHDCELSKGVDHLRSVKVKEIWYDKDGKIVTEKPE,,,
P55332,XYNA_EMENI,"Endo-1,4-beta-xylanase A (Xylanase A) (EC 3.2.1.8) (1,4-beta-D-xylan xylanohydrolase A) (22 kDa xylanase) (Xylanase X22)",Emericella nidulans (strain FGSC A4 / ATCC 38163 / CBS 112.46 / NRRL 194 / M139) (Aspergillus nidulans),3.2.1.8,225,MVSFKSLLVLCCAALGAFATPVGSEDLAAREASLLERSTPSSTGWSNGYYYSFWTDGGGDVTYTNGAGGSYTVQWSNVGNFVGGKGWNPGSTRTINYGGSFNPSGNGYLAVYGWTQNPLIEYYIVESYGTYNPGSGGQHRGTVYSDGATYDIYTATRYNAPSIEGTATFEQFWSVRQSKRTGGTVTTANHFNAWAALGMRLGTHNYQIVATEGYQSSGSASITVY,,,
P55329,XYNA_ASPNG,"Endo-1,4-beta-xylanase A (Xylanase A) (EC 3.2.1.8) (1,4-beta-D-xylan xylanohydrolase A) (Endo-1,4-beta-xylanase I) (Xylanase I)",Aspergillus niger,3.2.1.8,211,MKVTAAFAGLLVTAFAAPVPEPVLVSRSAGINYVQNYNGNLGDFTYDESAGTFSMYWEDGVSSDFVVGLGWTTGSSKAITYSAEYSASGSSSYLAVYGWVNYPQAEYYIVEDYGDYNPCSSATSLGTVYSDGSTYQVCTDTRTNEPSITGTSTFTQYFSVRESTRTSGTVTVANHFNFWAQHGFGNSDFNYQVMAVEAWSGAGSASVTISS,,,
P0CT48,XYN1_PYRGI,"Endo-1,4-beta-xylanase 1 (Xylanase 1) (EC 3.2.1.8) (1,4-beta-D-xylan xylanohydrolase 1) (Xylanase 22)",Pyricularia grisea (Crabgrass-specific blast fungus) (Magnaporthe grisea),3.2.1.8,233,MVSFTSIVTAVVALAGSALAIPAPDGNMTGFPFEQLMRRQSTPSSTGRHNGYYYSWWTDGASPVQYQNGNGGSYSVQWQSGGNFVGGKGWMPGGSKSITYSGTFNPVNNGNAYLCIYGWTQNPLVEYYILENYGEYNPGNSAQSRGTLQAAGGTYTLHESTRVNQPSIEGTRTFQQYWAIRQQKRNSGTVNTGEFFQAWERAGMRMGNHNYMIVATEGYRSAGNSNINVQTPA,,,
P33557,XYN3_ASPKW,"Endo-1,4-beta-xylanase 3 (Xylanase 3) (EC 3.2.1.8) (1,4-beta-D-xylan xylanohydrolase 3) (Xylanase C)",Aspergillus kawachii (strain NBRC 4308) (White koji mold) (Aspergillus awamori var. kawachi),3.2.1.8,211,MKVTAAFAGLLVTAFAAPVPEPVLVSRSAGINYVQNYNGNLGDFTYDESAGTFSMYWEDGVSSDFVVGLGWTTGSSNAITYSAEYSASGSSSYLAVYGWVNYPQAEYYIVEDYGDYNPCSSATSLGTVYSDGSTYQVCTDTRTNEPSITGTSTFTQYFSVRESTRTSGTVTVANHFNFWAQHGFGNSDFNYQVMAVEAWSGAGSASVTISS,,,
Q9HFA4,XYNA_ASPOR,"Endo-1,4-beta-xylanase A (Xylanase A) (EC 3.2.1.8) (1,4-beta-D-xylan xylanohydrolase A) (Endo-1,4-beta-xylanase G2) (Xylanase G2)",Aspergillus oryzae (strain ATCC 42149 / RIB 40) (Yellow koji mold),3.2.1.8,232,MVSFSSILLACSAAIGALATPIEPLADHPNEAFNETAFNDLVGRSTPSSTGYNNGYYYSFWTDGGGDVTYTNGNGGSYSVQWSNVGNFVGGKGWNPGSSRAITYSGSFNPSGNGYLAVYGWTTDPLIEYYIVESYGTYNPGSGGTYKGQVTSDGGTYNIYTSVRTNAPSIIGTATFTQFWSVRTSKRVGGTVTTGNHFNAWAKYGLTLGTHNYQIVATEGYQSSGSSAITVY,,,
O43097,XYNA_THELA,"Endo-1,4-beta-xylanase (Xylanase) (EC 3.2.1.8) (1,4-beta-D-xylan xylanohydrolase)",Thermomyces lanuginosus (Humicola lanuginosa),3.2.1.8,225,MVGFTPVALAALAATGALAFPAGNATELEKRQTTPNSEGWHDGYYYSWWSDGGAQATYTNLEGGTYEISWGDGGNLVGGKGWNPGLNARAIHFEGVYQPNGNSYLAVYGWTRNPLVEYYIVENFGTYDPSSGATDLGTVECDGSIYRLGKTTRVNAPSIDGTQTFDQYWSVRQDKRTSGTVQTGCHFDAWARAGLNVNGDHYYQIVATEGYFSSGYARITVADVG,,,
P56588,XYNA_PENSI,"Endo-1,4-beta-xylanase (Xylanase) (EC 3.2.1.8) (1,4-beta-D-xylan xylanohydrolase)",Penicillium simplicissimum,3.2.1.8,302,QASVSIDAKFKAHGKKYLGTIGDQYTLTKNTKNPAIIKADFGQLTPENSMKWDATEPNRGQFTFSGSDYLVNFAQSNGKLIRGHTLVWHSQLPGWVSSITDKNTLISVLKNHITTVMTRYKGKIYAWDVLNEIFNEDGSLRNSVFYNVIGEDYVRIAFETARSVDPNAKLYINDYNLDSAGYSKVNGMVSHVKKWLAAGIPIDGIGSQTHLGAGAGSAVAGALNALASAGTKEIAITELDIAGASSTDYVNVVNACLNQAKCVGITVWGVADPDSWRSSSSPLLFDGNYNPKAAYNAIANAL,,,
O74716,XYN1_CLAPU,"Endo-1,4-beta-xylanase 1 (Xylanase 1) (EC 3.2.1.8) (1,4-beta-D-xylan xylanohydrolase 1)",Claviceps purpurea (Ergot fungus) (Sphacelia segetum),3.2.1.8,216,MFLTSVVSLVVGAISCVSAAPAAASELMQMTPRNSCYGGGLYSSYWADYGNTRYSCGAGGHYDLSWGNGGNVVAGRGWKPASPRAVTYSGSWQCNGNCYLSVYGWTINPLVEYYIVENYGNYNPSAGAQRRGQVTADGSIYDIYISTQHNQPSILGTNTFHQYWSIRRNKRVGGTVSTGVHFNAWRSLGMPLGTYDYMIVATEGFRSSGSASITVS,,,
Q2PGY1,XYNA_PENCI,"Endo-1,4-beta-xylanase A (Xylanase A) (EC 3.2.1.8) (1,4-beta-D-xylan xylanohydrolase A)",Penicillium citrinum,3.2.1.8,217,MPSLTSLFSFFALASGAFSATADLSKRESYTSSSTGTSNGYYYSFWTDGQGDITYSNGAAGEYSVTWSGDGNFVAGKGWNPGGSREVTFKGSYNPNGNSYLSVYGWTQNPLIEFYIVEDFGTYNPSSGATKKGTVTSDGSVYDIYTSERVNQPSIEGTATFTQYWSVRQNKRSEGTVTTGNHFNAWKNLGMDLGSFNYMIVATEGYYSSGSADITVS,,,
Q96W72,XYNB_TALPU,"Endo-1,4-beta-xylanase B (Xylanase B) (EC 3.2.1.8) (1,4-beta-D-xylan xylanohydrolase B)",Talaromyces purpureogenus (Soft rot fungus) (Penicillium purpureogenum),3.2.1.8,208,MKVTAAFAGLLATTLAAPATELVTRSINYVQNYNGNLGAFSYNEGAGTFSMYWQQGVSNDFVVGLGRSTGSSNPITYSASYSASGGSYLAVYGWVNSPQAEYHVVEAYGNYNPCSSGSATNLGTVSSDGGTYQVCTDTRVNQPSITGTSTFTQFFSVRQGSRTSGTVTIANHFNFWAKHGFGNSNFNYQVVAVEAWSGTGTASVTVSA,,,
P29417,XYNA_PENCH,"Endo-1,4-beta-xylanase (Xylanase) (EC 3.2.1.8) (1,4-beta-D-xylan xylanohydrolase)",Penicillium chrysogenum (Penicillium notatum),3.2.1.8,353,MIPNITQLKTAALVMLFAGQALSGPVESRQASESIDAKFKAHGKKYLGNIADQGTLNGNPKTPAIIKANFGQLSPENSMKWDATEPSQGQFSFAGSDYFVEFAETNGKLIRGHTLVWHSQLPSWVSSITDKTTLTDVMKNHITTVMKQYKGKLYAWDVVNEIFEEDGTLRDSVFSRVLGEDFVRIAFETAREADPEAKLYINDYNLDSATSAKLQGMVSHVKKWIAAGVPIDGIGSQTHLGAGAGAAASGALNALASAGTEEVAVTELDIAGATSTDYVDVVNACLDQPKCVGITVWGVADPDSWRADESPLLFDASYNPKEAYNVSQLLSRQHAFDLYLKLGNLLLSRLHSD,,,
Q12550,XYN4_ASPNG,"Endo-1,4-beta-xylanase 4 (Xylanase 4) (EC 3.2.1.8) (1,4-beta-D-xylan xylanohydrolase 4)",Aspergillus niger,3.2.1.8,211,MKVTAAFAGLLVTAFAPPVPEPVLVSRSAGINYVQNYNGNLGDFTYDESAGTFSMYWEDGVSSDFVVGLGWTTGSSNAITYSAEYSASGSSSYLAVYGWVNLSQAEYYIVEDYGDYNPCSSATSLGTEYSDGSTYQVCTDTRTNEPSITGTSTFTQYFSVRESTRTSGTVTVAIHFNFWAQHGFGNSDFNYQVMAVEAWSGACSASVTISS,,,
Q6PRW6,XYN_PENCH,"Endo-1,4-beta-xylanase (Xylanase) (EC 3.2.1.8) (1,4-beta-D-xylan xylanohydrolase)",Penicillium chrysogenum (Penicillium notatum),3.2.1.8,353,MIPNITQLKTAALVMLFAGQALSGPVESRQASESIDAKFKAHGKKYLGNIADQGTLNGNPKTPAIIKANFGQLSPENSMKWDATEPSQGQFSFAGSDYFVEFAETNGKLIRGHTLVWHSQLPSWVSSITDKTTLTDVMKNHITTVMKQYKGKVYAWDVVNEIFEEDGTLRDSVFSRVLGEDFVRIAFETAREADPEAKLYINDYNLDSATSAKLQGMVSHVKKWIAAGVPIDGIGSQTHLGAGAGAAASGALNALASAGTEEVAVTELDIAGASSTDYVDVVNACLDQPKCVGITVWGVADPDSWRADESPLLFDASYNPKEAYNVSQLLSRQHAFDLYLKLGNLLLSRLHSD,,,
B7SIW1,XYNB_PHACH,"Endo-1,4-beta-xylanase B (Xylanase B) (EC 3.2.1.8) (1,4-beta-D-xylan xylanohydrolase B)",Phanerodontia chrysosporium (White-rot fungus) (Sporotrichum pruinosum),3.2.1.8,290,MVSFNSLLVAVSAATCALAFPFEFHNGTHVFPRQSTPAGTGTNNGYFYSFWTDGGGSVTYNNGPAGEYSVTWSNADNFVAGKGWNPGSAQAISFTANYQPNGNSYLSVYGWSTNPLVEYYILEDFGTYNPAVSLTHKGTLTSDGATYDVYEGTRVNEPSIQGTATFNQYWSIRSSKRSSGTVTTANHFAAWKQLGLPLGTFNYQIVATEGYQSSGSSTVTVNPAGGVTSPIAPTGPSSVSTTPSGPSSSPSPVGTCSALYGQCGGQGWTGPTCCSSGTCKFSNNWYSQCL,,,
E7EF85,XYNB_PENOX,"Endo-1,4-beta-xylanase B (Xylanase B) (EC 3.2.1.8) (1,4-beta-D-xylan xylanohydrolase B)",Penicillium oxalicum,3.2.1.8,310,MISLSSVAIALTTVVGALALPSDQSVNLAARQAITSSQTGTNNGYYYSFWTNGAGSVSYSNGAAGQFSVNWANQGGGDFTCGKGWNPGKAQDISFSGTFTPNGNAYLSIYGWTTGPLVEYYILENFGSYNPGNGMTHVGTLTSDGSDYDIYKHTQVNQPSIVGTSTFDQYWSIRKNKRSSGTVTTANHFSAWASHGMNLGSHNYQILSVEGYQSSGSASMTVSAGSSSSGGSGSGSGSGSGSGSGSGSQTTTAGSSTGTGTGSGSGSGSGGSGGNCAAQWGQCGGQGWNGPTCCSSGTCKASNQWYSQCL,,,
Q9UV68,XYNC_NEOPA,"Endo-1,4-beta-xylanase C (Xylanase C) (EC 3.2.1.8) (1,4-beta-D-xylan xylanohydrolase C)",Neocallimastix patriciarum (Rumen fungus),3.2.1.8,485,MKFLQIIPVLLSLTSTTLAQSFCSSASHSGQSVKETGNKVGTIGGVGYELWADSGNNSATFYSDGSFSCTFQNAGDYLCRSGLSFDSTKTPSQIGRMKADFKLVKQNISNVGYSYVGVYGWTRSPLVEYYIVDNWLSPSPPGDWVGNKKHGSFTIDGAQYTVYENTRTGPSIDGNTTFKQYFSIRQQARDCGTIDISAHFDQWEKLGMTMGKLHEAKVLGEAGNGNGGVSGTADFPYAKVYIGDGNGGGASPAPAGGAPAGGAPAGNDQPQGPQGQQPPQGQQPPQGQQPPQGQQPPQGQQPPQGNDQQGQQPPQGQQPPQGNDQHQGQHPPQPQGPQGGNPGGSDFNNWSQGGSPWGGNQGGSPWGGNQGGNPWGGNQGGSPWGGNQGGSPWGQGNQGGNPWGGNQGGSPWGGNQGGNPWGGNQWGAPQNAAAPQSAAAPQNASDGGNCASLWGQCGGQGYNGPSCCSEGSCKPINEYFHQCQK,,,
Q2LMP0,XY11A_BOTFU,"Endo-1,4-beta-xylanase 11A (Xylanase 11A) (EC 3.2.1.8) (1,4-beta-D-xylan xylanohydrolase 11A)",Botryotinia fuckeliana (Noble rot fungus) (Botrytis cinerea),3.2.1.8,227,MVSASSLLLAASAIAGVFSAPAAAPVSENLNVLQERALTSSATGTSGGYYYSFWTDGSGGVTYSNGANGQYAVSWTGNKGNFVGGKGWAVGSERSISYTGSYKPNGNSYLSVYGWTTSPLIEYYIVEDFGTYDPSSAATEIGSVTSDGSTYKILETTRTNQPSVQGTATFKQYWSVRTSKRTSGTVTTANHFAAWKKLGLTLGSTYNYQIVAVEGYQSSGSASITVS,,,
P84195,XYNA_GLOTR,"Endo-1,4-beta-xylanase Xyn10A (EC 3.2.1.4) (EC 3.2.1.8)",Gloeophyllum trabeum (Brown rot fungus) (Agaricus trabeus),3.2.1.4; 3.2.1.8,45,LYMGTATDNGATAMLNLVESLKYSWVPSTFSGQGAATPYDSNLVK,,,
A8TGA1,XYS20_NEOPA,"Endo-1,4-beta-xylanase S20 (Xylanase S20) (EC 3.2.1.8) (1,4-beta-D-xylan xylanohydrolase S20)",Neocallimastix patriciarum (Rumen fungus),3.2.1.8,335,MLRKLVTGALAAALLLSGQSNAQNACQQTQQLSGGRTINNKNETGNGNGNYKYEIWRDGNGGSLTLYPKDAAFKASWNNSGDFLGRVGLTFNKPAATNLGGDLIANYNYKKSGSDGGTYSYIGIYGWMDNPQIEYYVVDDWMHNRGAPGGSYMGSQKGTITVDGGTYKVWSGQRTGASKWGTSTFTQIFSIRTSPRQCGSINVSEHFRQWQKLGLRLGGLMEAQLLAESGGGSGYVDFTYATITIGGSSSNASAPSNNNNNNNNNNDNNGNWNNWNNNNNNNNNNNNNNNNNNNNQGGGNCAAIWGQCGGSGYNGPKCCKQGSCKQINQWYSQCQ,,,
Q9UVF9,EIX_HYPRU,"Ethylene-inducing xylanase (EIX) (EC 3.2.1.8) (Endo-1,4-beta-xylanase EIX) (Ethylene biosynthesis-inducing factor) (EIF)",Hypocrea rufa (Trichoderma viride),3.2.1.8,223,MVSFTTLLAGFVAVTGVLSAPTETVEVVDVEKRQTIGPGTGFNNGYYYSYWNDGHSGVTYTNGAGGSFSVNWANSGNFVGGKGWNPGSSSRVINFSGSYNPNGNSYLSVYGWSKNPLIEYYIVENFGTYNPSTGTTKLGEVTSDGSVYDIYRTQRVNQPSIIGTATFYQYWSVRRNHAPAARSRLRTTSNAWRNLGLTLGTLDYQIIAVEGYFSSGNANINVS,,,
Q9P8J1,XYNA_TALPU,"Endo-1,4-beta-xylanase A (Xylanase A) (EC 3.2.1.8) (1,4-beta-D-xylan xylanohydrolase A)",Talaromyces purpureogenus (Soft rot fungus) (Penicillium purpureogenum),3.2.1.8,329,MVQLKTAALALLFAGQAISSPVDIDSRQASVSIDAKFKAHGKKYLGTIGDQYTLTKNSKNPAIIKADFGQLTPENSMKWDATEPNRGQFSFSGSDYLVNFAQSNGKLIRGHTLVWHSQLPGWVSSITDKNTLISVLKNHITTVMTRYKGKIYAWDVLNEIFNEDGSLRNSVFYNVIGEDYVRIAFETARSVDPNAKLYINDYNLDSAGYSKVNGMVSHVKKWLAAGIPIDGIGSQTHLGAGAGANVAGALNALAGAGTTEIAITELDIAGASSTDYVNVVKACLNQSKCVGITVWGVADPDSWRSSSSPLLFDSNYNPKAAYNAIANAL,,,
Q5ZNB1,XYND_TALFU,"Endo-1,4-beta-xylanase D (Xylanase D) (EC 3.2.1.8) (1,4-beta-D-xylan xylanohydrolase D)",Talaromyces funiculosus (Fruitlet core rot fungus) (Penicillium funiculosum),3.2.1.8,407,MTLVKSILLALAAGHVAQAQLNTAAKAAGLLYFGTAVDNPDLSDSKYLVNLETADFGQITPANAMKWQPTEPSQGSYTFTQGDQIASLAKSNNDYLRCHNLVWYNQLPSYITSGSWTNATLIAALKEHINGVVTHYKGQCYAWDVVNEALNEDGTYRQNVFYQHIGEAYIPIAFAAAAAADPNAKLYYNDYNIEYAGAKATGAQGIVKLIQAAGGRIDGVGLQSHFIVGQTPSLATQKANMAAFTALGVDVAITELDIRMTLPDTSALQTQQSTDYQTTTTACVQTKGCVGITLWDYTDKYSWVPGTFSGQGDACPWDSNYNKKPAYYGILAGLQSGSGSSSSTSSTTLITTTTPTASSSTTSATTTSATSGAAHWGQCGGIGWSGPTICVSPYTCQVLNPYYSQCL,,,
B7SIW2,XYNC_PHACH,"Endo-1,4-beta-xylanase C (Xylanase C) (EC 3.2.1.8) (1,4-beta-D-xylan xylanohydrolase C)",Phanerodontia chrysosporium (White-rot fungus) (Sporotrichum pruinosum),3.2.1.8,399,MFKFSASLAALAALVPFVAAQSPEWGQCGGIGWTGPTTCVAGTTCVESNPYYSQCLPGAASVAPPPPSGTSSAGGSTPSSSAKLHTLAKAAGKLYFGTATDNNELTDTAYTAILDDNTMFGQITPANSMKWDATEPQQGVFTFSGGDQIATLAKTNGMLLRGHNCVWYNQLPSWVSSGSFTAAQLTSIIQNHCSTLVTHYKGQVYAWDVVNEPFNDDGTWRTDVFYNTLGTSYVQIALEAARAADPNAKLYINEYNIEFAGAKATSLLNLVKSLKAADVPLDGIGFQCHLIVGEFSGPGLQTQLSTFAAQGVEVAITELDIRMTLPSTPALLAQQQTDYNSVITACMNVESCIGVTVWDWTDKYSWVPNTFSGQGAACPWDQNFVKKPAFNGIAAGFSA,,,
Q9HEZ1,XYNA_PHACH,"Endo-1,4-beta-xylanase A (Xylanase A) (EC 3.2.1.8) (1,4-beta-D-xylan xylanohydrolase A)",Phanerodontia chrysosporium (White-rot fungus) (Sporotrichum pruinosum),3.2.1.8,408,MKLSASFAALALLLPFVQAQSPVWGQCGGIGWTGPTTCTAGNVCQEYSAYYSQCIPASQATSVTSVSTAPNPPPTSHTSTSSAPSGASTSTAKLNTLAKAKGKLYFGTATDNGELSDTAYTAILDDNTMFGQITPANSMKWDATEPQQGQFTFSGGDQIANLAKSNGMLLRGHNCVWYNQLPSWVSNGKFTAAQLTSIIQNHCSTLVTHYKGQVYAWDVVNEPFNDDGSWRTDVFYNTLGTSYVQIALEAARAADPDAKLYINEYNIEYAGAKATSLLNLVKTLKAASVPLDGIGFQSHFIVGQVPTGLQSQLTTFAAQGVEVAITELDIRMTLPSTPALLAQQKTDYSNVIKACASVEACVGVTVWDWTDKYSWVPNTFSGQGAACPWDQNFVRKPAYDGIAIGFGN,,,
Q2PGV8,XYN2_AURPU,"Endo-1,4-beta-xylanase 2 (Xylanase 2) (EC 3.2.1.8) (1,4-beta-D-xylan xylanohydrolase 2)",Aureobasidium pullulans (Black yeast) (Pullularia pullulans),3.2.1.8,361,MHFSTITAALALLGLGAATPTDYSTSSYSKNQGLAQAWTSKGRQYIGTALTIRDDPVEQGIIQSRTDFNSITPENAMKWESTEPQRNNFTFAGADAVADFADRYNKEMRCHTLVWHSQLPAWVSQGNFDNKTLISIMENHIKKVAGRYKNKCTHWDVVNEALNEDGTYRSSVFYNTIGEAFIPIAFRFAEKYAGSKTKLYYNDYNLEYGSAKALGAQRILKLVQSYGVQIDGVGLQAHLSSEATASTGGGVTPDVQTLTNVLKLYTDLGVEVAYTELDVRFTTPATDAKLKAQADAYARVVQSCINVKRCVGITVWGVSDKYSWIPGVFPTEGAALLWDENFNKKPAYSSVLKTIQSFRKS,,,
P23360,XYNA_THEAU,"Endo-1,4-beta-xylanase (Xylanase) (EC 3.2.1.8) (1,4-beta-D-xylan xylanohydrolase) (TAXI)",Thermoascus aurantiacus,3.2.1.8,329,MVRPTILLTSLLLAPFAAASPILEERQAAQSVDQLIKARGKVYFGVATDQNRLTTGKNAAIIQADFGQVTPENSMKWDATEPSQGNFNFAGADYLVNWAQQNGKLIRGHTLVWHSQLPSWVSSITDKNTLTNVMKNHITTLMTRYKGKIRAWDVVNEAFNEDGSLRQTVFLNVIGEDYIPIAFQTARAADPNAKLYINDYNLDSASYPKTQAIVNRVKQWRAAGVPIDGIGSQTHLSAGQGAGVLQALPLLASAGTPEVAITELDVAGASPTDYVNVVNACLNVQSCVGITVWGVADPDSWRASTTPLLFDGNFNPKPAYNAIVQDLQQ,,,
O94163,XYNF1_ASPOR,"Endo-1,4-beta-xylanase F1 (Xylanase F1) (EC 3.2.1.8) (1,4-beta-D-xylan xylanohydrolase F1)",Aspergillus oryzae (strain ATCC 42149 / RIB 40) (Yellow koji mold),3.2.1.8,327,MVHLKALASGTLFASLASSAVISRQAAASINDAFVAHGKKYFGTCSDQALLQNSQNEAIVRADFGQLTPENSMKWDALEPSQGSFSFAGADFLADYAKTNNKLVRGHTLVWHSQLPSWVQGITDKDTLTEVIKNHITTIMQRYKGQIYAWDVVNEIFDEDGTLRDSVFSQVLGEDFVRIAFETAREADPNAKLYINDYNLDSADYAKTKGMVSYVKKWLDAGVPIDGIGSQSHYSANGFPVSGAKGALTALASTGVSEVAVTELDIEGASSESYLEVVNACLDVSSCVGITVWGVSDKDSWRSSTSPLLFDSNYQAKDAYNAIIDAL,,,
Q02290,XYNB_NEOPA,"Endo-1,4-beta-xylanase B (Xylanase B) (EC 3.2.1.8) (1,4-beta-D-xylan xylanohydrolase B)",Neocallimastix patriciarum (Rumen fungus),3.2.1.8,860,MKFSSANKILFSGLVASANAYDLLKDYAGDLKIGVAANAMRFSNSNYVNAMKAFNMMVAENDCKLSGIQQQKGVYNFNGCDNHYNKAKELGMEFRGHCLIWHSYQPSWFQNADANTLKNAIVDHITKTLQHYEGKIKVWDVVNEAIDDNSNGNGWNMRRSFLYNKVPNFVDLAFQTARKVSPNTKLFYNDYNAEGVYAKAESIYNFVSDLKKRNIPIDGVGLQYHVGAKEQPSYNKINDLIGRYCKLGLEVHITELDVKLQGDQNGQSQAFSNALKACLANSCCKAFLVWGVGDNDSWLGANEQALLFNGSYQPKPVYNTLLNILKTSARPASSSAKTLPGNSKSKTLPGVNSKTLPGNKSKTLPGASKTLPGNKSKTLPGGNSNTLPGNKSKTLPGGNSKTLPGNKSRTLPGGNSKTLPGGKSRTLPGGNSKTLPGGKSKTLPGGNSKTLPGGKSKTLPGGNSKTLPGGSSKTLPGGKSKTLPGGNSKTLPGGSSKTLPGGKSKTLPGGSSKTLPGGKSKTLPGGNSKTLPGGNSKTLPGGSSKTLPGGKSKTLPGGNSKTLPGGSSKTLPGGKSKTLPGGNSKTLPGGNSKTLPGGKSKTLPGGNSKTLPGGSSKTLPGGKSKTLPGGSSKTLPGGKSKTLPGGNSKTLPGGNSKTLPGGSSKTLPGGKSKTLPGGSSKTLPGGKSKTLPGGNSKTLPGGKSKTLPGGNSKTLPGGKSKTLPGGNSKTLPGGKSKTLPGGNSKTLPGGSSKTLPGGKSKTLPGGNSKTLPGGKSKTLPGGNTKTLPGGACKPTTVTVTQKVTVTVTVESQPTQGGMNQGGGNCAAKWGQCGGNGFNGPTCCQNGSRCQFVNEWYSQCL,,,
Q12667,XYNA_PIRSP,"Endo-1,4-beta-xylanase A (EC 3.2.1.8) (1,4-beta-D-xylan xylanohydrolase) (Xylanase A) (XYLA)",Piromyces sp,3.2.1.8,625,MKLFQIFPLLLSLTSVTLAADDFCNATGFQGQSVVSTGHDVKKIGNIDYEQWADGGNNSATFYSDGSFKCNFSNTKDYLCRSGVAFSQAKYPSEIGHIEAEYRLVKKSASNVGYSYVGVYGWTLQSGISGVYEYYIVDNWLSQWRPGDWVGNTKFGDFTIDGGVYTVYKNVNGNLTQYFSLRKSERTCGTIDVTAHFAQWEKLGLKMPKITEIKVLAEAGNTGGGCSGSVEIPYAKIYINGKDQDGKSKGGSSSGGSNGQGLGNGQGNGQGQGNGQGQSATGSGKCPSTITSQGYKCCSSNCDIIYRDQSGDWGVENDEWCGCGSRVPKTTNCPSSIKNQGYKCCSDSCEIVLTDSDGDWGIENDEWCGCGIKNTTPTTTTKKSNNSQPTQGQSNNNSSTNTNFCSTSKHSGQSVTETSNKVGSIGGVGYELWADSGNNSATFYSDGSFSCSFRNAKDYLCRSGLSFDSTKTYQQLGHMYADFKLVKQNIQNVDYSYVGIYGWTRNPLVEFYVVDNWLSQWRPGDWVGNKKHGDFTIDGAKYTVYENTRTGPSIDGNTTFKQYFSIRQQARDCGTIDITAHFEQWEKLGMRMGKMHEAKVLGEAGSTGSGTSGTADFPYAKVYIK,,,
Q4WG11,XYNA_ASPFU,"Endo-1,4-beta-xylanase xynf11a (Xylanase xynf11a) (EC 3.2.1.8) (1,4-beta-D-xylan xylanohydrolase xynf11a)",Aspergillus fumigatus (strain ATCC MYA-4609 / CBS 101355 / FGSC A1100 / Af293) (Neosartorya fumigata),3.2.1.8,228,MVSFSYLLLACSAIGALAAPVEPETTSFNETALHEFAERAGTPSSTGWNNGYYYSFWTDGGGDVTYTNGAGGSYSVNWRNVGNFVGGKGWNPGSARTINYGGSFNPSGNGYLAVYGWTTNPLIEYYVVESYGTYNPGSGGTFRGTVNTDGGTYNIYTAVRYNAPSIEGTKTFTQYWSVRTSKRTGGTVTMANHFNAWSRLGMNLGTHNYQIVATEGYQSSGSASITVY,,,
P33559,XYNA_ASPKW,"Endo-1,4-beta-xylanase A (Xylanase A) (EC 3.2.1.8) (1,4-beta-D-xylan xylanohydrolase A)",Aspergillus kawachii (strain NBRC 4308) (White koji mold) (Aspergillus awamori var. kawachi),3.2.1.8,327,MVQIKAAALAMLFASHVLSEPIEPRQASVSIDTKFKAHGKKYLGNIGDQYTLTKNSKTPAIIKADFGALTPENSMKWDATEPSRGQFSFSGSDYLVNFAQSNNKLIRGHTLVWHSQLPSWVQAITDKNTLIEVMKNHITTVMQHYKGKIYAWDVVNEIFNEDGSLRDSVFYKVIGEDYVRIAFETARAADPNAKLYINDYNLDSASYPKLAGMVSHVKKWIEAGIPIDGIGSQTHLSAGGGAGISGALNALAGAGTKEIAVTELDIAGASSTDYVEVVEACLDQPKCIGITVWGVADPDSWRSSSTPLLFDSNYNPKPAYTAIANAL,,,
Q01176,XYN2_PYRGI,"Endo-1,4-beta-xylanase 2 (Xylanase 2) (EC 3.2.1.8) (1,4-beta-D-xylan xylanohydrolase 2)",Pyricularia grisea (Crabgrass-specific blast fungus) (Magnaporthe grisea),3.2.1.8,331,MKASSVLLGLAPLAALAAPTPEAELSARQAQQSIDALMKAKGKLYFGTATDQGLLNTGKNSAIIKADFGQVTPENSMKCQSLENTRGQYNWAPADALVNFAVSNNKSIRGHTLIWHSQLPGWVNNINDRNQLTTVIQNHVATVMGRWKGKIRAWDVVNEIFNEDGTMRQSVFSRVLGEDFVRIAFEAARKADPNAKLYINDYNLDRPNAGKLTKGMVGHVKKWVGAGVPIDGIGRQGHLQSGQGNGLGQGIKGLGDSGVKEVGGNELDIQGNNGNEFGGGNKACLPVPACVGIPAWGVRDNDSWRPQGNPLLFDSNYNPKPAYNSVVQALK,,,
Q96VB6,XYNF3_ASPOR,"Endo-1,4-beta-xylanase F3 (Xylanase F3) (EC 3.2.1.8) (1,4-beta-D-xylan xylanohydrolase F3)",Aspergillus oryzae (strain ATCC 42149 / RIB 40) (Yellow koji mold),3.2.1.8,323,MVHLKSLAGILLYTSLCIASSQQAPASINNAFVAKGKKYFGTCADQGTLSDGTNSGIIKADFGQLTPENSMKWDATEPSQGKFSFSGADYLVNYAATNNKLIRGHTLVWHSQLPSWVQGITDKNTLTSVLKNHITTVMNRYKGKVYAWDVVNEIFNEDGTLRSSVFYNVLGEDFVRIAFETARAADPQAKLYINDYNLDSANYGKTTGLANHVKKWIAQGIPIDGIGSQTHLSAGGSSGVKGALNTLAASGVSEVAITELDIAGASSNDYVNVVEACLEVSKCVGITVWGVSDKNSWRSAESPLLFDGNYQPKSAYNAILNAL,,,
G4MLU0,XYN5_PYRO7,"Endo-1,4-beta-xylanase 5 (Xylanase 5) (EC 3.2.1.8) (1,4-beta-D-xylan xylanohydrolase 5)",Pyricularia oryzae (strain 70-15 / ATCC MYA-4617 / FGSC 8958) (Rice blast fungus) (Magnaporthe oryzae),3.2.1.8,405,MTRLATLITLAGLLAVSPGAYAQRNRNDTGGSTGAEGLNSLAVKAGLLYFGTASDTRNFADEPYMSVVNNTNEFGMIVPENSMKWEATEKEPGRFSFANADRVRALTKANGQMLRCHALTWHSQLPNFVKTTAWTRDTLTAAIESHISNEVGHFAGDCYAWDVVNEAVNENGSFRDSPFHRTLGTDFLAISFRAAAAADPNAKLYYNDFNIETPGPKANAAMGIVRLLKEQGVRIDGVGFQGHLTVGSTPSRAQLASQLQRFADLGVEVTYTELDIRHKSLPVSSRAAQDQARDYVSVIGSCLDVTACVGVMVWQPTDKYSWIPETFPGTGDACLFDANMNPKPAYTSVSSLLAAAAATAPASVVPPASVTTSKTPIQAGAGRETVSIAGLTLALSSLAFGMFML,,,
V9TS54,XY11A_HUMIN,"Endo-1,4-beta-xylanase 11A (Xylanase 11A) (EC 3.2.1.8) (1,4-beta-D-xylan xylanohydrolase 11A)",Humicola insolens (Soft-rot fungus),3.2.1.8,221,MVSFTTLLTAVATAVSAVTASPLEALKRGIQPGTGVHDGYFYSFWTDGRGYVDFNNGPRGSYRVSWSNVNNWVGGKGWNPGPPRRIAYNGTWNNWNVNSYLALYGWTTNPLVEYYIVEAYGSYNPSSGAARLGTIEDDGGVYDIYRTRRINQPSIIGTASFDQYWSVRRQKRVGGTIDTGKHFDEWRRQGNLQLGAWNYMIMATEGYQSSGSAEIEVRSLD,,,
Q4P0L3,XY11A_MYCMD,"Endo-1,4-beta-xylanase 11A (Xylanase 11A) (EC 3.2.1.8) (1,4-beta-D-xylan xylanohydrolase 11A)",Mycosarcoma maydis (Corn smut fungus) (Ustilago maydis),3.2.1.8,221,MKFATVLAFATAAGAAFASPLASSETTEAGQLSKRQSINYVQNYNGNAANFKYDQHAGTYSTRWTNPPDFVVGLGWSPGNSYRTIKFSGSYSSSSSSYSAVYGWLNNPLTEYYVVENYSYDPCSNSGAQVVGSVTSDGSNYKICKHTQYDQPSIQGTKTFGQYFSVRANKRNSGSVTLSKHFNAWKQHGFANGAANPDFNYQVFATEAFGGTGSASMSVSG,,,
A0A2U7R6V5,XYN3_PENPR,"Endo-1,4-beta-xylanase 3 (Xylanase 3) (EC 3.2.1.8) (1,4-beta-D-xylan xylanohydrolase 3)",Penicillium parvum (Eupenicillium parvum),3.2.1.8,220,MFSFTSVIALLSAGIVASASPTAIEERSLTSSSTGYSGGYYYSFWTDGSGNVVYNNGNAGEYSVTWSGNAGNFVAGKGWNPGSERSVTYSGSFNPNGNGYLSVYGWMTNPLVEYYIVESYGTYNPGSSATHKGTVTSDGGTYDIYVDQRVNAPSIQGTATFNQYWSIRQQKRVGGTVTTANHFNAWQKAGLQLGSFSDGAYMIVATEGYQSSGSSDITVH,,,
I1S2K3,XYNA_GIBZE,"Endo-1,4-beta-xylanase A (Xylanase A) (EC 3.2.1.8) (1,4-beta-D-xylan xylanohydrolase A)",Gibberella zeae (strain ATCC MYA-4620 / CBS 123657 / FGSC 9075 / NRRL 31084 / PH-1) (Wheat head blight fungus) (Fusarium graminearum),3.2.1.8,231,MVSFKSLLVAVSALTGALARPFDFLDERDDGNATSVLEARQVTGNSEGYHNGYFYSWWSDGGGYAQYRMGEGSHYQVDWRNTGNFVGGKGWNPGTGRTINYGGSFNPQGNGYLCVYGWTRGPLVEYYVIESYGSYNPGSQAQHRGTVYTDGDTYDLYMSTRYQQPSIDGVQTFNQYWSIRRNKRTSGSVNMQNHFNAWRSAGMNLGNHYYQILATEGYQSSGSSSIYVQTS,,,
Q8NJ73,XYN6_PYRGI,"Endo-1,4-beta-xylanase 6 (Xylanase 6) (EC 3.2.1.8) (1,4-beta-D-xylan xylanohydrolase 6)",Pyricularia grisea (Crabgrass-specific blast fungus) (Magnaporthe grisea),3.2.1.8,380,MRTPAIVLALAPAAAFGQAALWGQCGGQGWTGAKTCVSGAVCQAQNEWYSQCVPGSGGGNPPTPQPTQPSNPPPSTGSGLNAKFKNKGKLYFGTSMDHYDLNKAQLTNIVKAQFGQITNENSMKWDAIEPSRNSFSWTNADAVVNFATANGKLMRGHTLLWHSQLPAWVSNINDRNTLTQVIQNHVTAMVTRYRGKILQWDVVNEIFAEDGSLRSSVFSRVLGEDFVGIAFRAARAADPNAKLYINDYNLDIANYAKVTRGMVEKVNKWVSQGIPIDGIGSQAHLAQPGGWNPASGVPAALRALAAANVKEIAITELDIAGASANDYVTVVNACLQISKCVGITVWGVSDAISWRPNDNPLLYDRNYQPKAAYTAIMNAL,,,
Q8J1Y4,XYN5_PYRGI,"Endo-1,4-beta-xylanase 5 (Xylanase 5) (EC 3.2.1.8) (1,4-beta-D-xylan xylanohydrolase 5)",Pyricularia grisea (Crabgrass-specific blast fungus) (Magnaporthe grisea),3.2.1.8,405,MTRLATLITLAGLLAVSPGAYAQRNRNDTGGSTGAEGLNSLAVKAGLLYFGTASDTRNFADEPYMSVVNNTNEFGMIVPENSMKWEATEKEPGRFSFANADRVRALTKANGQMLRCHALTWHSQLPNFVKTTAWTRDTLTAAIESHISNEVGHFAGDCYAWDVVNEAVNENGSFRDSPFHRTLGTDFLAISFRAAAAADPNAKLYYNDFNIETPGPKANAAMGIVRLLKEQGVRIDGVGFQGHLTVGSTPSRAQLASQLQRFADLGVEVTYTELDIRHKSLPVSSRAAQDQARDYVSVIGSCLDVTACVGVMVWQPTDKYSWIPETFPGTGDACLFDANMNPKPAYTSVSSLLAAAAATAPASVVPPASVTTSKTPIQAGAGRETVSIAGLTLALSSLAFGMFML,,,
A0A2U7QU15,XYN1_PENPR,"Endo-1,4-beta-xylanase 1 (Xylanase 1) (EC 3.2.1.8) (1,4-beta-D-xylan xylanohydrolase 1)",Penicillium parvum (Eupenicillium parvum),3.2.1.8,404,MVYLSARTLALVACVLPQLTQASGLDTAAVAIGKVYFGTATDNPELTDTAYVKQLSNTDDFGQITPGNSQKWDATEPSQNSFTFTNGDVVAHLAEGNGQKLRCHNLVWHNQLPNWVTSGSWTNETLLAAMKNHITNVVTHYKGQCYAWDVVNEALNEDGTYRDSIFYQTIGEAYIPIAFKTAAAADPTVKLYYNDYNIEYAGAKATGAQRIVKLIQSYGAKIDGVGLQSHFIVGSTPSQSAQASNMAAFTALGVDVAITELDIRMTLPSTDALLAQQKTDYHSTVAACVQTARCVGVTIWDWTDKYSWVPSTFSGQGAACPWDENFQKKPAYDGILSALGGSASATSTSTAGQSASTTSTSGSGGSTAVAQHWGQCGGQGWTGATSCATGYICTFVNDWYSQCL,,,
I1S3C6,XYND_GIBZE,"Endo-1,4-beta-xylanase D (Xylanase D) (EC 3.2.1.8) (1,4-beta-D-xylan xylanohydrolase D)",Gibberella zeae (strain ATCC MYA-4620 / CBS 123657 / FGSC 9075 / NRRL 31084 / PH-1) (Wheat head blight fungus) (Fusarium graminearum),3.2.1.8,381,MHFLGLVVAFAPAALAQSAIWGQCGGTGWSGSTTCQSGLKCEKINDFYYQCIPGSDNGGGTTPDPGTPSPGNGNADATGLDAKIRAKGKIYFGTEIDHYHLSNNPLINIVKKDFGQVTNENSMKWDAIEPSRGQFTFSNADKVVDFAQANGKKIRGHTLLWYSQLPQWVKNIRDRATMTSVIENHVKTVVTRYKGKILHWDVVNEIFAEDGNMRNSEFYQVLGEDFVGIAFRAARAADPAAKLYINDYNLDIANYAKVTRGMVDHVNKWVSQGIPIDGIGSQAHLAKPGGWNPASGFPAALKVLAGANVKEVAITELDIDGAAANDYVTVVNSCLTTPKCVGITVWGVSDKDSWRSESNPLLFDRNYQPKAAYTAVSNALN,,,
I1S3T9,XYNC_GIBZE,"Endo-1,4-beta-xylanase C (Xylanase B) (EC 3.2.1.8) (1,4-beta-D-xylan xylanohydrolase C)",Gibberella zeae (strain ATCC MYA-4620 / CBS 123657 / FGSC 9075 / NRRL 31084 / PH-1) (Wheat head blight fungus) (Fusarium graminearum),3.2.1.8,327,MKFSSLLFTASLVAAMPASIEPRQAQESINKLIKAKGKLYYGTITDPNLLQSQQNNAVIKADFGQVTPENSMKWDATEPQQGKFNFGGGDQVVNFAAQNGLKVRGHALVWHSQLPQWVHNIKDKTQMKNAIENHIKNVAGHFKGKVYAWDVLNEIFDWDGSLRKDSPFTQVLGEEFVGIAFRAARAADPNAKLYINDYSIDDPNAAKLKAGMVAHVKKWVSQGIPIDGIGSQTHLDPGAANGVQAALQQMASTGVKEVAITELDIRSAPAADYATVTKACLNVPKCVGITVWGVSDKDSWRKEKDSLLFNAQYQAKPAYTAVVNALR,,,
W0HFK8,XYN1_RHIOR,"Endo-1,4-beta-xylanase 1 (Xylanase 1) (EC 3.2.1.8) (1,4-beta-D-xylan xylanohydrolase 1)",Rhizopus oryzae (Mucormycosis agent) (Rhizopus arrhizus var. delemar),3.2.1.8,331,MIPNITQLKTAALVMLFAGQALSGPVESRQASESIDAKFKAHGKKYLGNIADQGTLNGNPKTPAIIKANFGQLSPENSMKWDATEPSQGQFSFAGSDYFVEFAETNGKLIRGHTLVWHSQLPSWVSSITDKTTLTDVMKNHITTVMKQYKGKVYAWDVVNEIFEEDGTLRDSVFSRVLGEDFVRIAFETAREADPEAKLYINDYNLDSATSAKLQGMVSHVKKWIAAGVPIDGIGSQTHLGAGAGAAASGSLNALASAGTEEVAVTELDIAGASSTDYVDVVNACLDQPKCVGITVWGVADPDSWRADESPLLFDASYNPKEAYNAIAAAL,,,
I1RQU5,XYN1_GIBZE,"Endo-1,4-beta-xylanase 1 (Xylanase 1) (EC 3.2.1.8) (1,4-beta-D-xylan xylanohydrolase 1)",Gibberella zeae (strain ATCC MYA-4620 / CBS 123657 / FGSC 9075 / NRRL 31084 / PH-1) (Wheat head blight fungus) (Fusarium graminearum),3.2.1.8,354,MAWLQPTLCRKELESRQTSGLDAAMKAAGKKYFGTALTVRNDAGETNVLNTKGEFGSITPENAMKWEAIQPNRGQFNWGPADQHANAATQRGMELRCHTLVWHSQLPSWVANGNWNNQTLQQVMKDHINAVMGRYKGKCTHWDVVNEALNEDGTYRDSVFYRVIGEAFIPIAFRMVLAADPTTKLYYNDYNLEYGGAKTAGAIRITKLIQSYGLRIDGVGLQAHMTSESTPTQSTVTPSRANLASVLNSFTKLNVDVAYTELDIRMNTPANQQKLQANAAAYARMVGSCMDVKRCVGVTVWGISDKYSWVPGTFPGEGSALLWDDNFNKKPSYTSSLNTIRACWKCHRLLVSIS,,,
O60206,XLNA_AGABI,"Endo-1,4-beta-xylanase (Xylanase) (EC 3.2.1.8)",Agaricus bisporus (White button mushroom),3.2.1.8,333,MYLVAFMLLAILPTGYCQLNTLAVRAGKKYFGTATDNPELGDAPYVAQLGNTADFNQITAGNSMKWDATEPSRGTFTFSNGDTVANMARNRGQLLRGHTCVWHSQLPNWVTSGNFDNSTLLSIVQNHCSTLVSHYRGQMYSWDVVNEPFNEDGSFRQSVFFQKTGTAYIATALRAARNADPNTKLYINDFNIEGTGAKSTGMINLVRSLQQQNVPIDGIGVQAHLIVGQIPSSIQQNLQNFANLGVEVAITELDIRMTLPVTQQKLEQQQEDYRTVIRACKAVSRCVGVTVWDWTDRYSWVPGVFNGEGAACPWDENLAKKPAYQGIVDGWSQ,,,
V9TT49,XY43B_HUMIN,"Xylosidase/arabinosidase 43B [Includes: Beta-xylosidase (EC 3.2.1.37) (1,4-beta-D-xylan xylohydrolase) (Xylan 1,4-beta-xylosidase); Alpha-L-arabinofuranosidase (Arabinosidase) (EC 3.2.1.55)]",Humicola insolens (Soft-rot fungus),3.2.1.37; 3.2.1.55,538,MPQVRNPILPGFNPDPSILRVGEDYYIATSTFEWYPGVQIHHSRDLANWELVARPLNRKSQLDMRGNPDSCGIWAPCLSHDGERFWLVYTDVKRKDGSFKDTPNYIVTAEKIEGPWSDPIYINSSGFDPSLFHDDDGRKWFVNMLWDHRRRPQLFEGIVLQEFDPKAGKLVGPRKNIFTGTDLALVEGPHLYKRNGWYYLLTAEGGTGYEHACTFARSRNIWGPYEVHPQKYILTSKDHPHAALQRAGHGDIVDTPDGRTYLVHLTGRPTTQFRRCVLGRETAIQEAYWGDDDWLYVKNGPVPSLWVDLPAARDDTKYWEEKRYTFESGLHKDFQWLRTPETDRIFRTREDGKLTLIGRESIGSWFEQALVARRQTHFSCDAETVIDFSPEDQRQFAGLTAYYCRYNFFYLAVSAHSDGQRELFIMASEASWPLGELRYPVPEGVRIPNEGKVRLALTIRGRELQFYYALEGEELKKIGPVLDASIVSDECGGHQKHGSFTGAFVGVAASDLNGTAAEATFDYFIYRPVQHPSDRYEI,,,
O59859,XYNA_ASPAC,"Endo-1,4-beta-xylanase (Xylanase) (EC 3.2.1.8) (1,4-beta-D-xylan xylanohydrolase) (FIA-xylanase)",Aspergillus aculeatus,3.2.1.8,327,MVQIKAAALAVLFASNVLANPIEPRQASVSIDAKFKAHGKKYLGTIGDQYTLNKNAKTPAIIKADFGQLTPENSMKWDATEPNRGQFSFSGSDYLVNFAQSNGKLIRGHTLVWHSQLPSWVQSIYDKGTLIQVMQNHIATVMQRYKGKVYAWDVVNEIFNEDGSLRQSHFYNVIGEDYVRIAFETARAVDPNAKLYINDYNLDSASYPKLTGLVNHVKKWVAAGVPIDGIGSQTHLSAGAGAAVSGALNALAGAGTKEVAITELDIAGASSTDYVNVVKACLNQPKCVGITVWGVADPDSWRSSSSPLLFDSNYNPKAAYTAIANAL,,,
P55331,XYNA_ASPTU,"Endo-1,4-beta-xylanase A (Xylanase A) (EC 3.2.1.8) (1,4-beta-D-xylan xylanohydrolase A) (Endo-1,4-beta-xylanase I) (Xylanase I)",Aspergillus tubingensis,3.2.1.8,211,MKVTAAFAGLLVTAFAAPAPEPDLVSRSAGINYVQNYNGNLGDFTYDESAGTFSMYWEDGVSSDFVVGLGWTTGSSNAITYSAEYSASGSASYLAVYGWVNYPQAEYYIVEDYGDYNPCSSATSLGTVYSDGSTYQVCTDTRTNEPSITGTSTFTQYFSVRESTRTSGTVTVANHFNFWAHHGFGNSDFNYQVVAVEAWSGAGSASVTISS,,,
P55328,XYNA_ASPAW,"Endo-1,4-beta-xylanase A (Xylanase A) (EC 3.2.1.8) (1,4-beta-D-xylan xylanohydrolase A) (Endo-1,4-beta-xylanase I) (Xylanase I)",Aspergillus awamori (Black koji mold),3.2.1.8,211,MKVTAAFAGLLVTAFAAPVPEPVLVSRSAGINYVQNYNGNLGDFTYDESAGTFSMYWEDGVSSDFVVGLGWTTGSSNAITYSAEYSASGSSSYLAVYGWVNYPQAEYYIVEDYGDYNPCSSATSLGTVYSDGSTYQVCTDTRTNEPSITGTSTFTQYFSVRESTRTSGTVTVANHFNFWAQHGFGNSDFNYQVMAVEAWSGAGSASVTISS,,,
M4MLB5,XYNB_HUMIN,"Endo-1,4-beta-xylanase B (EC 3.2.1.8) (1,4-beta-D-xylan xylanohydrolase B)",Humicola insolens (Soft-rot fungus),3.2.1.8,358,MRFSASLLLALTGSAAASPIRAEEEIRVYDLPISLFDDLQGLDAAMKAAGREYIGTSLTVRNDFQEQNIIRTEFGSITPENAQKWDATEPNRGQFTFGSADQHMDWARQNGKHVRCHTLVWYSQLPGWVSNSGFNNATLQQVMQNHINQVMGRYRGRCNHWDVVNEAPRLMAMRLQIGEAYIPIAFRMAAQADPSAKLYYNDYNLEYLGPKVEGAARIVRLVKQYGARIDGVGYQAHLVTEPTPTQSTPTPSEEDLIKALRITADLGVDVAYTEIDIRMRTPSNAQKLQQLADAYYRVARSCMKVPRCVGMTIWGVTDRYSWVPNTFRGEGDALLWDSNYQRKAAYNAFLRGIQEPVN,,,
A2Q7I0,XYNB_ASPNC,"Probable endo-1,4-beta-xylanase B (Xylanase B) (EC 3.2.1.8) (1,4-beta-D-xylan xylanohydrolase B) (Endo-1,4-beta-xylanase G1) (Xylanase G1)",Aspergillus niger (strain ATCC MYA-4892 / CBS 513.88 / FGSC A1513),3.2.1.8,225,MLTKNLLLCFAAAKAALAVPHDSVAQRSDALHMLSERSTPSSTGENNGFYYSFWTDGGGDVTYTNGDAGAYTVEWSNVGNFVGGKGWNPGSAQDITYSGTFTPSGNGYLSVYGWTTDPLIEYYIVESYGDYNPGSGGTYKGTVTSDGSVYDIYTATRTNAASIQGTATFTQYWSVRQNKRVGGTVTTSNHFNAWAKLGMNLGTHNYQIVATEGYQSSGSSSITVQ,,,
M4MGK7,XYNA_HUMIN,"Endo-1,4-beta-xylanase A (EC 3.2.1.8) (1,4-beta-D-xylan xylanohydrolase A)",Humicola insolens (Soft-rot fungus),3.2.1.8,376,MHLASSLFLLATLPFGFAAGKGKGKGKDNSDVGLDVLAKKAGLKYFGAATDTPGQRERAGLEDKYPEYDRIMWHSPEFGSTTPTNGQKWLFVEPERGVFNFTEGDVVASKARQHGKLLRCHALVWHSQLAPWVEETEWTPEELRKVIVDHITAVAGHYKGQCYAWDVVNEALNEDGTYRESVFYKVLGEEYIKLAFETAAKVDPKAKLYYNDYNLEWPSAKTEGAKRIVKLLKDAKIPIHGVGLQAHLIAEQHPTLDDHIAAIRGFTQLGVEVALTELDIRLKTPATEENLALQREAYKNVVGACVQVCGCVGVTIWDFYDPFSWVPYFFEGEGAPLLWFEDFSKHPAYYGVVEALTNKTRRSKRSISDRRAKLLA,,,
P48824,XYNB_ASPKW,"Endo-1,4-beta-xylanase B (Xylanase B) (EC 3.2.1.8) (1,4-beta-D-xylan xylanohydrolase B) (Endo-1,4-beta-xylanase G1) (Xylanase G1)",Aspergillus kawachii (strain NBRC 4308) (White koji mold) (Aspergillus awamori var. kawachi),3.2.1.8,225,MLTKNLLLCFAAAKAVLAVPHDSVVERSDALHKLSERSTPSSTGENNGYYYSFWTDGGGDVTYTNGNAGSYSVEWSNVGNFVGGKGWNPGSAKDITYSGTFTPSGNGYLSVYGWTTDPLIEYYIVESYGDYNPGSGGTYKGTVTSDGSVYDIYTATRTNAPSIQGTATFTQYWSVRQNKRVGGTVTTSNHFNAWAKLGMNLGTHNYQILATEGYQSSGSSSITIQ,,,
P87037,XYNB_ASPOR,"Probable endo-1,4-beta-xylanase B (Xylanase B) (EC 3.2.1.8) (1,4-beta-D-xylan xylanohydrolase B) (Endo-1,4-beta-xylanase G1) (Xylanase G1)",Aspergillus oryzae (strain ATCC 42149 / RIB 40) (Yellow koji mold),3.2.1.8,221,MVSFSSLLLAVSAVSGALAAPGDSTLVELAKRAITSSETGTNNGYYYSFWTNGGGDVEYTNGNGGQYSVKWTNCDNFVAGKGWNPGSAKTVTYSGEWESNSNSYVSLYGWTQNPLVEYYIVDKYGDYDPSTGATELGTVESDGGTYKIYKTTRENAPSIEGTSTFNQYWSVRQSGRVGGTITAQNHFDAWANVGLQLGTHNYMILATEGYKSSGSATITVE,,,
P81536,XYNA_BYSSP,"Endo-1,4-beta-xylanase (Xylanase) (EC 3.2.1.8) (1,4-beta-D-xylan xylanohydrolase) (PVX)",Byssochlamys spectabilis (Paecilomyces variotii),3.2.1.8,194,GTTPNSEGWHDGYYYSWWSDGGGDSTYTNNSGGTYEITWGNGGNLVGGKGWNPGLNARAIHFTGVYQPNGTSYLSVYGWTRNPLVEYYIVENFGSSNPSSGSTDLGTVSCDGSTYTLGQSTRYNAPSIDGTQTFNQYWSVRQDKRSSGTVQTGCHFDAWASAGLNVTGDHYYQIVATEGYFSSGYARITVADVG,,,
P07529,XYNA_NAGAL,"Endo-1,4-beta-xylanase (Xylanase) (EC 3.2.1.8) (1,4-beta-D-xylan xylanohydrolase)",Naganishia albida (Cryptococcus albidus),3.2.1.8,332,MLSSTTLLAILSALALTSVQAAPADKNSLDYLANKAGKRYLGTAVQSPQLVPGSQYVQILESQFDAITPENEMKWEVVEPTEGNFDFTGTDKIVAEAKKTGSLLRGHNICWDSQLRYAHEVAPKMKLCINDYNIETVNAKSQAMAKVAAGLLAKGAPLHCIGMFKNAKRRSSGLLIRTASSGLESHFIGGSTPKDIPAAMNLFSDQGLEVPMTELDVRIPVNGNDMPANATVAKEQVDDYYTSVSACLGNDLCPGVSIWQFADPTSWIPGVFKGKLIAVSCTFSGCLLQYCVGYGAALLYDAQYQPKSTYYVVQQALKDGKNSGSKFHGIKL,,,
A6YAP7,XYN1_LEUGO,"Endo-1,4-beta-xylanase 1 (Xylanase 1) (EC 3.2.1.8) (1,4-beta-D-xylan xylanohydrolase 1)",Leucoagaricus gongylophorus (Leaf-cutting ant fungus),3.2.1.8,234,MVSFIFTRIILFAAAINGAVALPMNTTEPEDFSILSRSGTPSSTGYSNGYYYSWWTDGAAQATYANGGGGQYSLNWSGNNGNLVGGKGWNPGFNGRVIQYSGTYQPNGNSYLSVYGWTLNPLIEYYIVESYGSYNPSSAAARKGSVNCDGANYDILTTTRYNEPSINGTQTFQQFWSVRNPKKNPGGSISGSVSTGCHFTAWGNLGMNLGSTWNYQIVATEGYQSSGFSSITVA,,,
B5A7N4,XYN2_TRIHA,"Endo-1,4-beta-xylanase 2 (Xylanase 2) (EC 3.2.1.8) (1,4-beta-D-xylan xylanohydrolase 2)",Trichoderma harzianum (Hypocrea lixii),3.2.1.8,221,MVAFTSLLAGFAAIAGVLSAPTESSVEVEKRQTIGPGTGYSNGYYYSYWNDGHAGVTYTNGGGGSFTVNWSNSGNFVGGKGWQPGTKNKVINFSGSYNPNGNSYLSIYGWSRNPLIEYYIVENFGTYNPSTGATKLGEVTSDGSVYDIYRTQRVNQPSIIGTATFYQYWSVRRNHRSSGSVNTANHFNAWASHGLTLGTMDYQIVAVEGYFSSGSASITVS,,,
M4MEY9,XYNC_HUMIN,"Endo-1,4-beta-xylanase C (EC 3.2.1.8) (1,4-beta-D-xylan xylanohydrolase C)",Humicola insolens (Soft-rot fungus),3.2.1.8,390,MRSIALALAAAPAVLAQSQLWGQCGGIGWNGPTTCVSGATCTKINDWYHQCLPGGNNNNPPPATTSQWTPPPAQTSSNPPPNNGGGGGNTLHEKFKARGKQYFGTEIDHYHLNNNQLMEIARREFGQITHENSMKWDATEPSRGSFSFGNADRVVDWATSNGKLIRGHTLLWHSQLPQWVQNINDRNTLTQVIENHVKTIMTRYKGKIFHYDVVNEILDENGGLRNSVFSRVLGEDFVGIAFRAARATDPDAKLYINDYNLDSANYAKTRGMINLVNKWVSQGVPIDGIGTQAHLAGPGGWNPASGVPAALQALAGANVKEVAITELDIQGAGANDYVTVANACLNVQKCVGITVWGVSDRDSWRSNENPLLYDGSYRPKAAYNALMNAL,,,
Q9HGE1,XYN2_HUMIN,"Endo-1,4-beta-xylanase 2 (Xylanase 2) (EC 3.2.1.8) (1,4-beta-D-xylan xylanohydrolase 2)",Humicola insolens (Soft-rot fungus),3.2.1.8,227,MVSIKSVLAAATAVSSALAAPFDFVPRDNSTALQARQVTPNAEGWHNGYFYSWWSDGGGQVQYTNLEGSRYQVRWRNTGNFVGGKGWNPGTGRTINYGGYFNPQGNGYLAVYGWTRNPLVEYYVIESYGTYNPGSQAQYKGTFYTDGDQYDIFVSTRYNQPSIDGTRTFQQYWSIRKNKRVGGSVNMQNHFNAWQQHGMPLGQHYYQIVATEGYQSSGESDIYVQTH,,,
Q0ZHI9,XYNG_VERDA,"Endo-1,4-beta-xylanase G (Xylanase G) (EC 3.2.1.8) (1,4-beta-D-xylan xylanohydrolase G)",Verticillium dahliae (Verticillium wilt),3.2.1.8,250,MVSFKSLLLAASAFTAVLGRPFDSFDGPDVNITDADELLVRRQVTANSEGTHNGYFYSWWSDGGGQVTYTMGAGSRYSVTWKDTGNFVGGKGWNPGTGRTINYGGSFSPQGNGYLAVYGWTRNPLIEYYVVESYGTYNPGSGGQLKGTVTTDGGTYNVYVSTRTNQPSIDGTRTFQQYWSVRTSKRVGGAVTMQNHFNAWAQFGMNLGAHYYQIVATEGYQSSGPSDIYVQTQCKSLCDRGRVTWRDVVC,,,
Q06562,XYN1_COCCA,"Endo-1,4-beta-xylanase I (Xylanase I) (EC 3.2.1.8) (1,4-beta-D-xylan xylanohydrolase 1)",Cochliobolus carbonum (Maize leaf spot fungus) (Bipolaris zeicola),3.2.1.8,221,MVSFTSIITAAVAATGALAAPATDVSLVARQNTPNGEGTHNGCFWSWWSDGGARATYTNGAGGSYSVSWGSGGNLVGGKGWNPGTARTITYSGTYNYNGNSYLAVYGWTRNPLVEYYVVENFGTYDPSSQSQNKGTVTSDGSSYKIAQSTRTNQPSIDGTRTFQQYWSVRQNKRSSGSVNMKTHFDAWASKGMNLGQHYYQIVATEGYFSTGNAQITVNCP,,,
Q92244,XYN3_PYRGI,"Endo-1,4-beta-xylanase 3 (Xylanase 3) (EC 3.2.1.8) (1,4-beta-D-xylan xylanohydrolase 3)",Pyricularia grisea (Crabgrass-specific blast fungus) (Magnaporthe grisea),3.2.1.8,236,MQILTWALAALAAIPAVTAAPVETVEASSMDELVERSPNVTLVARGTPSSTGTHNGFYYSHWTDNAGADVTYSMGGGGQFSYTWRNSGNFVGGKGWNPGNAGRVINYSGSYSPQGNSYLAVYGWTRNPLIEYYVVESFGSYNPSSGATNRGSFTSDGSTYDILVSTRYNQPSIDGTKTFQQFWSVRRNKRASGTVTFANHVNAWRNAGLNLGNQWNYQILAVEGYHSSGSASMTVR,,,
Q12549,XYN5_ASPNG,"Endo-1,4-beta-xylanase 5 (Xylanase 5) (EC 3.2.1.8) (1,4-beta-D-xylan xylanohydrolase 5)",Aspergillus niger,3.2.1.8,211,MKVTAAFASLLLTAFAAPAPEPVLVSRSAGINYVQNYNGNLGDFTYDESTGTFSMYWEDGVSSDFVVGLGWTTGSSKSITYSAQYSASSSSSYLAVYGWVNSPQAEYYIVEDYGDYNPCSSATSLGTVYSDGSTYQVCTDTRRTRPSITGTSTFTQYFSVRESTRTSGTVTIANHFNFWAQHGFGNSNFNYQVMAVEAWNGVGSASVTISS,,,
Q6QJ75,XYN6_ASPNG,"Endo-1,4-beta-xylanase 6 (Xylanase 6) (EC 3.2.1.8) (1,4-beta-D-xylan xylanohydrolase 6)",Aspergillus niger,3.2.1.8,211,MKVTAAFAGLLVTALAAPAPEPVLVSRSAGINYVQNYNGNLGDFTYDESAGTFSMYWEDGVSSDFVVGLGWTTGSSNPITYSADYSASGSSSYLAVYGWDNYPQAEYYIVEDYGDYNPCSSATSLGTVYSDGSTYQVCTDTRTNEPSITGTSTFTQYFSVRESTRTSGTVTVANHFNFWAQHGFGNSDFNYQVVAVEAWSGAGSASVTISS,,,
Q96TR7,XYN1_AURPU,"Endo-1,4-beta-xylanase 1 (Xylanase 1) (EC 3.2.1.8) (1,4-beta-D-xylan xylanohydrolase 1)",Aureobasidium pullulans (Black yeast) (Pullularia pullulans),3.2.1.8,221,MKFFATIAALVVAAVAAPVAEADAEASSPMLIERAGPGGINYVQNYNGNLGQFTYNENAGTYSMYWTNGVSGDFVVGLGWSTGAARSITYSSSYTASGGSYLSVYGWINSPQAEYYIVESYGSYNPCGAGQSGVTQLGTVVSDGATYTVCTDERVNEPSITGTSTFKQYWSVRQTKRTSGTVTTGNHFAYWAKYGFGNSYNFQVMAVEAFSGTGSASVTVS,,,
P35809,XYNA_SCHCO,"Endo-1,4-beta-xylanase A (Xylanase A) (EC 3.2.1.8) (1,4-beta-D-xylan xylanohydrolase A)",Schizophyllum commune (Split gill fungus),3.2.1.8,197,SGTPSSTGTDGGYYYSWWTDGAGDATYQNNGGGSYTLTWSGNNGNLVGGKGWNPGAASRSISYSGTYQPNGNSYLSVYGWTRSSLIEYYIVESYGSYDPSSAASHKGSVTCNGATYDILSTWRYNAPSIDGTQTFEQFWSVRNPKKAPGGSISGTVDVQCHFDAWKGLGMNLGSEHNYQIVATEGYQSSGTATITVT,,,
Q12562,XYNA_AURPU,"Endo-1,4-beta-xylanase A (Xylanase A) (EC 3.2.1.8) (1,4-beta-D-xylan xylanohydrolase A)",Aureobasidium pullulans (Black yeast) (Pullularia pullulans),3.2.1.8,221,MKFFATIAALVVGAVAAPVAEAEAEASSPMLIERAGPGGINYVQNYNGNLGQFTYNENAGTYSMYWNNGVNGDFVVGLGWSTGAARSITYSSNYQASGGSYLSVYGWINSPQAEYYIVESYGSYNPCGAGQSGVTQLGTVCSDGATYTVYTDTRTNQPSITGTSTFKQYWSVRQTKRTSGTVTTGNHFAYWAKYGFGNSYNFQVMPVEAFSGTGSASVTVS,,,
G4NA54,XYN4_PYRO7,"Endo-1,4-beta-xylanase 4 (Xylanase 4) (EC 3.2.1.8) (1,4-beta-D-xylan xylanohydrolase 4)",Pyricularia oryzae (strain 70-15 / ATCC MYA-4617 / FGSC 8958) (Rice blast fungus) (Magnaporthe oryzae),3.2.1.8,231,MVSFTTILVAATAALVAANPVPPSIDEMREIYVKSRDLHARGGTPSSTGTHDGFYYSWWTDNGAQATYTNNAGGSYSITWSGNGNLVGGKGWNPGSARNVTYSANYRPNGNSYLSVYGWTRNPLVEYYVVENFGTYDPSSQASRKGTINVDGATYQVAQSTRTNQPSIDGTRTFQQYWSVRQQKRSSGTVDMKKHFDAWASMGMKLGTHDYQIVATEGYFSSGSSTVTIQR,,,
Q5S7A8,XYNA_PENCN,"Endo-1,4-beta-xylanase A (Xylanase A) (EC 3.2.1.8) (1,4-beta-D-xylan xylanohydrolase A)",Penicillium canescens,3.2.1.8,327,MVQLKTAALALLFAGQALSGPVDSRQASVSIDAKFKAHGKKYLGTIGDQYTLTKNTKNPAIIKADFGQLTPENSMKWDATEPNRGQFTFSGSDYLVNFAQSNGKLIRGHTLVWHSQLPGWVSSITDKNTLISVLKNHITTVMTRYKGKIYAWDVLNEIFNEDGSLRNSVFYNVIGEDYVRIAFETARSVDPNAKLYINDYNLDSAGYSKVNGMVSHVKKWLAAGIPIDGIGSQTHLGAGAGSAVAGALNALASAGTKEIAITELDIAGASSTDYVNVVNACLNQAKCVGITVWGVADPDSWRSSSSPLLFDGNYNPKAAYNAIANAL,,,
G4MWS3,XYN3_PYRO7,"Endo-1,4-beta-xylanase 3 (Xylanase 3) (EC 3.2.1.8) (1,4-beta-D-xylan xylanohydrolase 3)",Pyricularia oryzae (strain 70-15 / ATCC MYA-4617 / FGSC 8958) (Rice blast fungus) (Magnaporthe oryzae),3.2.1.8,236,MQILTWALAALAAIPAVTAAPVETVEASSMDELVERSPNVTLVARGTPSSTGTHNGFYYSHWTDNAGADVTYSMGGGGQFSYTWRNSGNFVGGKGWNPGNAGRVINYSGSYSPQGNSYLAVYGWTRNPLIEYYVVESFGSYNPSSGATNRGSFTSDGSTYDILVSTRYNQPSIDGTKTFQQFWSVRRNKRASGTVTFANHVNAWRNAGLNLGNQWNYQILAVEGYHSSGSASMTVR,,,
Q4WLV2,XYNB_ASPFU,"Probable endo-1,4-beta-xylanase B (Xylanase B) (EC 3.2.1.8) (1,4-beta-D-xylan xylanohydrolase B) (Endo-1,4-beta-xylanase G1) (Xylanase G1)",Aspergillus fumigatus (strain ATCC MYA-4609 / CBS 101355 / FGSC A1100 / Af293) (Neosartorya fumigata),3.2.1.8,221,MVSFSSLVLAASTVAGVLATPGSEQYVELAKRQLTSSQTGTNNGYYYSFWTDGGGQVTYTNGNGGQYQVDWNNCGNFVAGKGWNPASEKAVTYSGSWQTSGNGYLSVYGWTTSPLVEFYIVESYGSYDPSTGATHLGTVESDGATYNLYKTTRTNAPSIQGTATFDQYWSVRTSHRQSGTVTTKNHFDAWRNAGLQLGNFDYMIVATEGYQSSGSATITVS,,,
B0Y8Q8,XYNB_ASPFC,"Probable endo-1,4-beta-xylanase B (Xylanase B) (EC 3.2.1.8) (1,4-beta-D-xylan xylanohydrolase B) (Endo-1,4-beta-xylanase G1) (Xylanase G1)",Aspergillus fumigatus (strain CBS 144.89 / FGSC A1163 / CEA10) (Neosartorya fumigata),3.2.1.8,221,MVSFSSLVLAASTVAGVLATPGSEQYVELAKRQLTSSQTGTNNGYYYSFWTDGGGQVTYTNGNGGQYQVDWNNCGNFVAGKGWNPASEKAVTYSGSWQTSGNGYLSVYGWTTSPLVEFYIVESYGSYDPSTGATHLGTVESDGATYNLYKTTRTNAPSIQGTATFDQYWSVRTSHRQSGTVTTKNHFDAWRNAGLQLGNFDYMIVATEGYQSSGSATITVS,,,
A1DNU5,XYNB_NEOFI,"Probable endo-1,4-beta-xylanase B (Xylanase B) (EC 3.2.1.8) (1,4-beta-D-xylan xylanohydrolase B) (Endo-1,4-beta-xylanase G1) (Xylanase G1)",Neosartorya fischeri (strain ATCC 1020 / DSM 3700 / CBS 544.65 / FGSC A1164 / JCM 1740 / NRRL 181 / WB 181) (Aspergillus fischerianus),3.2.1.8,221,MVSFSSLVLALSTVAGVLAAPGSEQYVELAKRQLTSSQTGTNNGYFYSFWTDGGGKVTYNNGNGGQYQVDWTNCGNFVAGKGWNPGSERTVTYSGSWESSGNGYLSVYGWMTNPLVEYYIVESYGSYDPSTGATHLGTVESDGGTYNIYKTTRTNAPSIQGTATFDQYWSVRTSHRVSGTVTTKNHFDAWKKAGLKLGNFDYMIVATEGYQSSGSATLTVS,,,
K9GHZ3,EIX_PEND1,"Ethylene-inducing xylanase (EIX) (EC 3.2.1.8) (Endo-1,4-beta-xylanase EIX)",Penicillium digitatum (strain Pd1 / CECT 20795) (Green mold),3.2.1.8,216,MVSFSSLFVAACAAVTAFALPSELEKRAITTSQQGTSNGYFYSFWTNGGGSVSYNNGASGEYSVSWSNCGSFTSGKGWATGSSRNINFSGSFKPSGNAYLAVYGWTTSPLVEYYIMENYGDYNPGRSMTFKGTVTSDGSVYDIYTHQQVNQPSISGTATFEQYWSIRRTKRSSGTVTTANHFKAWASHGMYLGSHNYQIVSTEGYQSSGSSDITVS,,,
Q4JHP5,XYNC_ASPTE,"Probable endo-1,4-beta-xylanase C (Xylanase C) (EC 3.2.1.8) (1,4-beta-D-xylan xylanohydrolase C)",Aspergillus terreus,3.2.1.8,326,MVRLTVLAGFLLTSAACSACVIGERQAASSINNAFKAKGKKYFGTCGDQGTLSDSTNSAIVKADFGQLTPENSMKWDATEPNRGQFSFGGADYLVNYAASNGKMIRGHTLVWHSQLPGWVQGITDKNTLTSVLKNHITTVMQRYKGKVYAWDVVNEIFNEDGSLRKSVFYNVLGEDFVRIAFETARSVDPQAKLYINDYNLDNANYAKTKGMADHVRKWISQGIPIDGIGSQTHLGSGGSWTVKDALNTLASSGVSEVAITELDIAGASSTDYVNVVNACLSVSKCVGITVWGVSDKYSWRSNDKPLLFDSNFQPKAAYNAIISAL,,,
P79046,XYN1A_HUMIN,"Endo-1,4-beta-xylanase 1 (Xylanase 1) (EC 3.2.1.8) (1,4-beta-D-xylan xylanohydrolase 1)",Humicola insolens (Soft-rot fungus),3.2.1.8,429,MQTKSILTAALLAAAPASAQLHELAVKAGLKYFGTALREGAINSDQQYNRILSDTREFGQLVPENGQKWDATEPNRGQFNFQQGDITANKARQNGQGLRCHTLIWYSQLPGWVSSGNWNRQTLEAVMKTHIDNVMGHYKGQCYAWDVVNEAVDDNGQWRNNVFLRVFGTDYLPLSFNLAKAADPDTKLYYNDYNLEYNQAKTDRAVELVKIVQDAGAPIDGVGFQGHLIVGSTPTRQQLATVLRRFTSLGVEVAYTELDIRHSRLPASQQALVTQGNDFANVVGSCLDVAGCVGVTVWSFTDKYSWIPETFSGEGDALIYDRNFNKKPAWTSISSVLAAAATNPPASSSTSVVVPTTTFVTTTTTPPPISSPIVPSTTTTSAVPTTTVSPPEPEQTRWGQCGGIGWNGPTKCQSPWTCTRLNDWYFQCL,,,
P0CT49,XYN1_PYRO7,"Endo-1,4-beta-xylanase 1 (Xylanase 1) (EC 3.2.1.8) (1,4-beta-D-xylan xylanohydrolase 1) (Xylanase 22)",Pyricularia oryzae (strain 70-15 / ATCC MYA-4617 / FGSC 8958) (Rice blast fungus) (Magnaporthe oryzae),3.2.1.8,233,MVSFTSIVTAVVALAGSALAIPAPDGNMTGFPFEQLMRRQSTPSSTGRHNGYYYSWWTDGASPVQYQNGNGGSYSVQWQSGGNFVGGKGWMPGGSKSITYSGTFNPVNNGNAYLCIYGWTQNPLVEYYILENYGEYNPGNSAQSRGTLQAAGGTYTLHESTRVNQPSIEGTRTFQQYWAIRQQKRNSGTVNTGEFFQAWERAGMRMGNHNYMIVATEGYRSAGNSNINVQTPA,,,
C5J411,XYNC_ASPNG,"Probable endo-1,4-beta-xylanase C (Xylanase C) (EC 3.2.1.8) (1,4-beta-D-xylan xylanohydrolase C)",Aspergillus niger,3.2.1.8,327,MVQIKVAALAMLFASQVLSEPIDPRQASVSIDTKFKAHGKKYLGNIGDQYTLTKNSKTPAIIKADFGALTPENSMKWDATEPSRGQFSFSGSDYLVNFAQSNNKLIRGHTLVWHSQLPSWVQSITDKNTLIEVMKNHITTVMQHYKGKIYAWDVVNEIFNEDGSLRDSVFYKVIGEDYVRIAFETARAADPNAKLYINDYNLDSASYSKLTGMVSHVKKWIAAGIPIDGIGSQTHLSAGGGAGISGALNALAGAGTKEIAVTELDIAGASSTDYVEVVEACLNQPKCIGITVWGVADPDSWRSSSTPLLFDSNYNPKPAYDAIANAL,,,
Q0H904,XYNC_ASPFU,"Endo-1,4-beta-xylanase C (Xylanase C) (EC 3.2.1.8) (1,4-beta-D-xylan xylanohydrolase C)",Aspergillus fumigatus (strain ATCC MYA-4609 / CBS 101355 / FGSC A1100 / Af293) (Neosartorya fumigata),3.2.1.8,325,MVVLSKLVSSILFVSLVSAGVIEERQAASINQAFTSHGKKYFGTASDQALLQKSQNEAIVRKDFGQLTPENSMKWDATEPSQGRFNFAGADFLVNYAKQNGKKVRGHTLVWHSQLPSWVSAISDKNTLTSVLKNHITTVMTRYKGQIYAWDVVNEIFNEDGSLRDSVFSRVLGEDFVRIAFETARSVDPSAKLYINDYNLDSASYGKTQGMVRYVKKWLAAGIPIDGIGTQTHLGAGASSSVKGALTALASSGVSEVAITELDIAGASSQDYVNVVKACLDVPKCVGITVWGVSDRDSWRSGSSPLLFDSNYQPKAAYNAIIAAL,,,
O74717,XYN2_CLAPU,"Endo-1,4-beta-xylanase 2 (Xylanase 2) (EC 3.2.1.8) (1,4-beta-D-xylan xylanohydrolase 2)",Claviceps purpurea (Ergot fungus) (Sphacelia segetum),3.2.1.8,325,MLYTSIFAAAMAASGAMAAPTTSHGASNCTTLDSFFKSHGKLYWGTAADKNTLMKPGVADFIAKEFGQVTPENSMKFDATEPSRGQFHFDAADYLVDYAEKHDLLIRGHTFLWWSQMPAWVKAIKDKDTLIDVIQTHISTVAGRYKGKIYAWDVVNEIFEQDGSFRKTVYYNLLGEDYVRIAFEAAHKADPKAKLYINDFNLDDPNAAKLKAMIKYVTKWRAAGWPVHGIGSQSHLFAGMGEKSAAAIKMLGAAADEVAITELDITGAPQADYEAVTKGCIDVKNCVGITSWGARDTDSWLASKSPLLFDGNFKPKAAVKAIMAI,,,
A0A0G4KL96,EIX3_VERLO,"Ethylene-inducing xylanase 3 (EIX3) (EC 3.2.1.8) (Endo-1,4-beta-xylanase EIX3)",Verticillium longisporum (Verticillium dahliae var. longisporum),3.2.1.8,287,MVCFSSLFVAASAIAVVFASPVDHEQLAKRQSTPSSQGTHDGYFYSWWTDGGAAATYTNLAGGEYSVSWSNGGNLVGGKGWNPGSARTITYSGTYNPNGNSYLAVYGWTRNPLVEYYVVENFGTYNPSSGATARGQVTHDGALYRLFESTRTNQPSIDGTATFQQYWAVRDVKRTGGTVNMATFFNAWTSAGMRLGTHNYQVVATEGYFSSGSARINVAGGGGSTPSPPSTPSPPTTPSPPPVTPPPSGGGSCAARWGQCGGSGWNGATCCSAGTCQAQNQWYSQCL,,,
A1CCU0,XYNA_ASPCL,"Probable endo-1,4-beta-xylanase A (Xylanase A) (EC 3.2.1.8) (1,4-beta-D-xylan xylanohydrolase A)",Aspergillus clavatus (strain ATCC 1007 / CBS 513.65 / DSM 816 / NCTC 3887 / NRRL 1 / QM 1276 / 107),3.2.1.8,229,MVSFKYLFLAASALGALAAPVEVEESSWFNETALHEFAERAGTPSSTGWNNGYYYSFWTDNGGTVNYQNGNGGSYSVQWKDTGNFVGGKGWNPGSARTINYSGSFNPSGNAYLTVYGWTTNPLVEYYIVENYGTYNPGNGGTYRGSVYSDGANYNIYTATRYNAPSIEGDKTFTQYWSVRQSKRTGGTVTTANHFNAWAQLGMSLGTHNYQIVATEGYQSSGSSSITVY,,,
B8NJ86,XYNB_ASPFN,"Probable endo-1,4-beta-xylanase B (Xylanase B) (EC 3.2.1.8) (1,4-beta-D-xylan xylanohydrolase B) (Endo-1,4-beta-xylanase G1) (Xylanase G1)",Aspergillus flavus (strain ATCC 200026 / FGSC A1120 / IAM 13836 / NRRL 3357 / JCM 12722 / SRRC 167),3.2.1.8,221,MVSFSSLLLAVSAVSGALAAPGDSTLVELAKRAITSSETGTNNGYYYSFWTNGGGDVEYTNGNGGQYSVKWTNCDNFVAGKGWNPGSAKTVTYSGEWESNSNSYVSLYGWTQNPLVEYYIVDKYGDYDPSTGATELGTVESDGGTYKIYKTTRENAPSIEGTSTFNQYWSVRQSGRVGGTITAQNHFDAWANVGLQLGTHNYMILATEGYKSSGSATITVE,,,
A1CU59,XYNB_ASPCL,"Probable endo-1,4-beta-xylanase B (Xylanase B) (EC 3.2.1.8) (1,4-beta-D-xylan xylanohydrolase B) (Endo-1,4-beta-xylanase G1) (Xylanase G1)",Aspergillus clavatus (strain ATCC 1007 / CBS 513.65 / DSM 816 / NCTC 3887 / NRRL 1 / QM 1276 / 107),3.2.1.8,221,MVSFSSLALALSTVVGVLAAPGSEKYVELAKHQLTHSQTGTKNGYYYSFWTDNRGQVSYTNGKGGQYSVNWKDCGNFVAGKGWNPASAKTVTYSGNWKPSGNSYVSVYGWTQNPLIEFYIVESFGSYNPSTGATELGTVESDGGTYKIYKTKRVDAPSIEGKKTFDQFWSVRTSHRVGGTVTTKNHFNAWAKSGLKLGTFNYMILATEGYHSSGSATMTVS,,,
A0A384JXV5,EIX1_BOTFB,"Ethylene-inducing xylanase 1 (EIX1) (EC 3.2.1.8) (Endo-1,4-beta-xylanase EIX1)",Botryotinia fuckeliana (strain B05.10) (Noble rot fungus) (Botrytis cinerea),3.2.1.8,281,MVSYKAFLITLAAVTRVLTYPANSSFELVDRSGTPSSTGTSGGYYYSFWTDGGADVTYTNGAGGEYKLQWSGNGNLVGGKGWNPGSAKAVTYSGTYSPNGNSYLSLYGWTTSPLIEYYVVENFGTYDPSTGATLKGTVVSDGATYKIYQTQRVNQPSIIGTATFYQYWSVRQTKRTGGTVTTGNHFNAWKALGMNMGTFDYMIVATEGYFSSGSSDITVGSSTGGGDSGSPTSAPTTSPTTSPGGTCGALYSQCGGTGFTGSQCCASGTCKYANSYYSQCL,,,
G4MTF8,XYN2_PYRO7,"Endo-1,4-beta-xylanase 2 (Xylanase 2) (EC 3.2.1.8) (1,4-beta-D-xylan xylanohydrolase 2)",Pyricularia oryzae (strain 70-15 / ATCC MYA-4617 / FGSC 8958) (Rice blast fungus) (Magnaporthe oryzae),3.2.1.8,331,MKASSVLLGLAPLAALAAPTPEAELSARQAQQSIDALMKAKGKLYFGTATDQGLLNTGKNSAIIKADFGQVTPENSMKWQSLENTRGQYNWAPADALVNFAVSNNKSIRGHTLIWHSQLPGWVNNINDRNQLTTVIQNHVATVMGRWKGKIRAWDVVNEIFNEDGTMRQSVFSRVLGEDFVRIAFEAARKADPNAKLYINDYNLDSPNAAKLTKGMVAHVKKWLAAGVPIDGIGSQGHLQSGQGNGLAQAIKALADSGVKEVAVTELDIQGNNANDYAAVTKGCLAVPACVGITAWGVRDNDSWRPQGNPLLFDSNYNPKAAYNSVVQALK,,,
Q92245,XYN4_PYRGI,"Endo-1,4-beta-xylanase 4 (Xylanase 4) (EC 3.2.1.8) (1,4-beta-D-xylan xylanohydrolase 4)",Pyricularia grisea (Crabgrass-specific blast fungus) (Magnaporthe grisea),3.2.1.8,231,MVSFTTILVAATAALVAANPVPPSIDEMREIYVKSRDLHARGGTPSSTGTHDGFYYSWWTDNGAQATYTNNAGGSYSITWSGNGNLVGGKGWNPGSARNVTYSANYRPNGNSYLSVYGWTRNPLVEYYVVENFGTYDPSSQASRKGTINVDGATYQVAQSTRTNQPSIDGTRTFQQYWSVRQQKRSSGTVDMKKHFDAWASMGMKLGTHDYQIVATEGYFSSGSSTVTIQR,,,
A2QFV7,XYNC_ASPNC,"Probable endo-1,4-beta-xylanase C (Xylanase C) (EC 3.2.1.8) (1,4-beta-D-xylan xylanohydrolase C)",Aspergillus niger (strain ATCC MYA-4892 / CBS 513.88 / FGSC A1513),3.2.1.8,327,MVQIKVAALAMLFASQVLSEPIEPRQASVSIDTKFKAHGKKYLGNIGDQYTLTKNSKTPAIIKADFGALTPENSMKWDATEPSRGQFSFSGSDYLVNFAQSNNKLIRGHTLVWHSQLPSWVQSITDKNTLIEVMKNHITTVMQHYKGKIYAWDVVNEIFNEDGSLRDSVFYKVIGEDYVRIAFETARAADPNAKLYINDYNLDSASYPKLTGMVSHVKKWIAAGIPIDGIGSQTHLSAGGGAGISGALNALAGAGTKEIAVTELDIAGASSTDYVEVVEACLNQPKCIGITVWGVADPDSWRSSSTPLLFDSNYNPKPAYTAIANAL,,,
G2X8M4,EIX3_VERDV,"Ethylene-inducing xylanase 3 (EIX3) (EC 3.2.1.8) (Endo-1,4-beta-xylanase EIX3)",Verticillium dahliae (strain VdLs.17 / ATCC MYA-4575 / FGSC 10137) (Verticillium wilt),3.2.1.8,294,MVCFSSLFVAASAIAGVFASPVDHEQLAKRQSTPSSQGTHDGYFYSWWTDGGAAATYTNLAGGEYSVSWSNGGNLVGGKGWNPGSARTITYSGTYNPNGNSYLAVYGWTRNPQPWLTPLVVEYYVVENFGTYNPSSGATARGQVTHDGALYRLFESTRTNQPSIDGTATFQQYWAVRDVKRTGGTVNMATFFNAWTAAGMRLGTHNYQVVATEGYFSSGSARINVAGGGGSTPSPPSTPSPPTTPSPPPVTPPPSGGGSCAARWGQCGGSGWNGATCCSAGTCQAQNQWYSQCL,,,
G4MPQ7,XYN6_PYRO7,"Endo-1,4-beta-xylanase 6 (Xylanase 6) (EC 3.2.1.8) (1,4-beta-D-xylan xylanohydrolase 6)",Pyricularia oryzae (strain 70-15 / ATCC MYA-4617 / FGSC 8958) (Rice blast fungus) (Magnaporthe oryzae),3.2.1.8,380,MRTPAIVLALAPAAAFGQAALWGQCGGQGWTGAKTCVSGAVCQAQNEWYSQCVPGSGGGNPPTPQPTQPSNPPPSTGSGLNAKFKNKGKLYFGTSMDHYDLNKAQLTNIVKAQFGQITNENSMKWDAIEPSRNSFSWTNADAVVNFATANGKLMRGHTLLWHSQLPAWVSNINDRNTLTQVIQNHVTAMVTRYRGKILQWDVVNEIFAEDGSLRSSVFSRVLGEDFVGIAFRAARAADPNAKLYINDYNLDIANYAKVTRGMVEKVNKWVSQGIPIDGIGSQAHLAQPGGWNPASGVPAALRALAAANVKEIAITELDIAGASANDYVTVVNACLQISKCVGITVWGVSDAISWRPNDNPLLYDRNYQPKAAYTAIMNAL,,,
G2X0L1,EIX2_VERDV,"Ethylene-inducing xylanase 2 (EIX2) (EC 3.2.1.8) (Endo-1,4-beta-xylanase EIX2)",Verticillium dahliae (strain VdLs.17 / ATCC MYA-4575 / FGSC 10137) (Verticillium wilt),3.2.1.8,237,MVSFKSLLLAASAFTAVLGRPFDSFDGPDVNITDADELLVRRQVTANSEGTHNGYFYSWWSDGGGQVTYTMGAGSRYSVTWKDTGNFVGGKGWNPGTGRTINYGGSFSPQGNGYLAVYGWTRNPLIEYYVVESYGTYNPGSGGQLKGTVTTDGGTYNVYVSTRTNQPSIDGTRTFQQYWSVRTSKRVGGAVTMQNHFNAWAQFGMNLGAHYYQIVATEGNGDFVGTEIWGLARGCRR,,,
G2X5X8,EIX4_VERDV,"Ethylene-inducing xylanase 4 (EIX4) (EC 3.2.1.8) (Endo-1,4-beta-xylanase EIX4)",Verticillium dahliae (strain VdLs.17 / ATCC MYA-4575 / FGSC 10137) (Verticillium wilt),3.2.1.8,221,MVSFSTLLTACTAITGALGTPDLDRRQNVTPNAQGTHNGYFYSWWSDGQSPVTYTNSAGGSYSVEWSSGGNLVGGKGWNPGSAKEIRYSASWQPTNNSNSYLTIYGWTRSPLVEYYIVESHGEYNPGSSAEPRGEIEAHGSIYKLYESTRVQQPSIDGTQTFQQYWAIRQTHRTSGTVTTGTFFNAWAAAGMPIGQHNYMIVATEAYNSAGRASVVVETPP,,,
G2X4G1,EIX5_VERDV,"Ethylene-inducing xylanase 5 (EIX5) (EC 3.2.1.8) (Endo-1,4-beta-xylanase EIX5)",Verticillium dahliae (strain VdLs.17 / ATCC MYA-4575 / FGSC 10137) (Verticillium wilt),3.2.1.8,224,MLKSLVVLLLTSRVIAFPTLDTDQTAALHKPQATPNSQGTHGGFFYYWWSDGQSPAAYTNLDGGSYCLRWESGGNLIGGKGWSPGTDNRTIQISGTFQGVENSYLAVYGWLETPKVEYYIVEYHGVFNPAYDAQILGTVICDGSVYDISRSTRVSSGGTKILPRYWSVRRNKRTGGTVQTGCHFDAWRSTGLSAADHGFQIVATEGYFSSGFAEMTVADTSAEE,,,
G0R947,XYN1_HYPJQ,"Endo-1,4-beta-xylanase 1 (EX 1) (Xylanase 1) (EC 3.2.1.8) (1,4-beta-D-xylan xylanohydrolase 1) (Acidic endo-beta-1,4-xylanase)",Hypocrea jecorina (strain QM6a) (Trichoderma reesei),3.2.1.8,229,MVAFSSLICALTSIASTLAMPTGLEPESSVNVTERGMYDFVLGAHNDHRRRASINYDQNYQTGGQVSYSPSNTGFSVNWNTQDDFVVGVGWTTGSSAPINFGGSFSVNSGTGLLSVYGWSTNPLVEYYIMEDNHNYPAQGTVKGTVTSDGATYTIWENTRVNEPSIQGTATFNQYISVRNSPRTSGTVTVQNHFNAWASLGLHLGQMNYQVVAVEGWGGSGSASQSVSN,,,
A0A384K474,EIX2_BOTFB,"Ethylene-inducing xylanase 2 (EIX21) (EC 3.2.1.8) (Endo-1,4-beta-xylanase EIX2)",Botryotinia fuckeliana (strain B05.10) (Noble rot fungus) (Botrytis cinerea),3.2.1.8,222,MITFSSLLVTFSAISTSLAIPGSILPKRSPMNFVLQRNESSLVRRATPNYEQDYTTGGDVIYTPSGSSFTVDWSTEDDFVVGLGWTTGSTNPINFSGTFGIGSGTALLSIYGWSENPLVEYYIVEDSASPPSFGTVKGSVTSDGSSYTIWENQRVNEPSIVGTATFNQYISVRSSPRKSGTVTVENHFQAWAALGMNLGTLNYQVLAVEGWGGEGAATQTVS,,,
P29127,XYNA_NEOPA,"Bifunctional endo-1,4-beta-xylanase A (XYLA) (EC 3.2.1.8)",Neocallimastix patriciarum (Rumen fungus),3.2.1.8,607,MRTIKFFFAVAIATVAKAQWGGGGASAGQRLTVGNGQTQHKGVADGYSYEIWLDNTGGSGSMTLGSGATFKAEWNASVNRGNFLARRGLDFGSQKKATDYSYIGLDYTATYRQTGSASGNSRLCVYGWFQNRGVQGVPLVEYYIIEDWVDWVSDAQGRMVTIDGAQYKIFQMDHTGPTINGGSETFKQYFSVRQQKRTSGHITVSDHFKEWAKQGWGIGNLYEVALNAEGWQSSGIADVTKLDVYTTQKGSNPAPTSTGTVPSSSAGGSTANGKKFTVGNGQNQHKGVNDGFSYEIWLDNTGGNGSMTLGSGATFKAEWNAAVNRGNFLARRGLDFGSQKKATDYDYIGLDYAATYKQTASASGNSRLCVYGWFQNRGLNGVPLVEYYIIEDWVDWVPDAQGKMVTIDGAQYKIFQMDHTGPTINGGSETFKQYFSVRQQKRTSGHITVSDHFKEWAKQGWGIGNLYEVALNAEGWQSSGVADVTLLDVYTTPKGSSPATSAAPRTTTRTTTRTKSLPTNYNKCSARITAQGYKCCSDPNCVVYYTDEDGTWGVENNDWCGCGVEQCSSKITSQGYKCCSDPNCVVFYTDDDGKWGVENNDWCGCGF,,,
Q0CFS3,XYNA_ASPTN,"Probable endo-1,4-beta-xylanase A (Xylanase A) (EC 3.2.1.8) (1,4-beta-D-xylan xylanohydrolase A)",Aspergillus terreus (strain NIH 2624 / FGSC A1156),3.2.1.8,231,MVSFLRLAVACFAAVGALAAPVESLEERSDELFNSTLHEFAERSTPSSTGWSNGYYYSFWTDGGGSVTYTNGAAGQYSVQWSNVGNFVGGKGWNPGSARTINYGGSFNPSGNGYLAVYGWTTNPLVEYYVVESYGTYNPGSGGTYKGTVNSDGGTYNIYTATRYNAPSIIGTATFTQYWSVRTSKRTGGTVTMANHFNAWASHGMNLGTHNYQIVATEGYQSSGSSSITVY,,,
A2R4D1,XYN5_ASPNC,"Probable endo-1,4-beta-xylanase 5 (Xylanase 5) (EC 3.2.1.8) (1,4-beta-D-xylan xylanohydrolase 5)",Aspergillus niger (strain ATCC MYA-4892 / CBS 513.88 / FGSC A1513),3.2.1.8,211,MKVTAAFASLLLTAFAAPAPEPVLVSRSAGINYVQNYNGNLGDFTYDESTGTFSMYWEDGVSSDFVVGLGWTTGSSKSITYSAQYSASSSSSYLAVYGWVNSPQAEYYIVEDYGDYNPCSSATSLGTVYSDGSTYQVCTDTRTNAPSITGTSTFTQYFSVRESTRTSGTVTIANHFNFWAQHGFGNSNFNYQVMAVEAWNGAGSASVTISS,,,
A1DJ52,XYNA_NEOFI,"Probable endo-1,4-beta-xylanase A (Xylanase A) (EC 3.2.1.8) (1,4-beta-D-xylan xylanohydrolase A)",Neosartorya fischeri (strain ATCC 1020 / DSM 3700 / CBS 544.65 / FGSC A1164 / JCM 1740 / NRRL 181 / WB 181) (Aspergillus fischerianus),3.2.1.8,228,MVSFSYLLLACSAIGALAAPVESEDTSFNETALHEFAERGGTPSSTGWNNGYYYSFWTDGGGDVTYTNGAGGSYSVNWRNVGNFVGGKGWNPGSARTINYGGSFNPSGNGYLAVYGWTTNPLIEYYVVESYGTYNPSSGGTFKGTVNTDGGTYNIYTAVRYNAPSIEGTKTFTQYWSVRTSKRAGGTVTMANHFNAWSRLGMNLGTHNYQIVATEGYQSSGSSSITVY,,,
B0XXF3,XYNA_ASPFC,"Probable endo-1,4-beta-xylanase A (Xylanase A) (EC 3.2.1.8) (1,4-beta-D-xylan xylanohydrolase A)",Aspergillus fumigatus (strain CBS 144.89 / FGSC A1163 / CEA10) (Neosartorya fumigata),3.2.1.8,228,MVSFSYLLLACSAIGALAAPVEPETTSFNETALHEFAERAGTPSSTGWNNGYYYSFWTDGGGDVTYTNGAGGSYSVNWRNVGNFVGGKGWNPGSARTINYGGSFNPSGNGYLAVYGWTTNPLIEYYVVESYGTYNPGSGGTFRGTVNTDGGTYNIYTAVRYNAPSIEGTKTFTQYWSVRTSKRTGGTVTMANHFNAWSRLGMNLGTHNYQIVATEGYQSSGSASITVY,,,
B8NKE9,XYNA_ASPFN,"Probable endo-1,4-beta-xylanase A (Xylanase A) (EC 3.2.1.8) (1,4-beta-D-xylan xylanohydrolase A)",Aspergillus flavus (strain ATCC 200026 / FGSC A1120 / IAM 13836 / NRRL 3357 / JCM 12722 / SRRC 167),3.2.1.8,232,MVSFSSILLACSAAIGALATPIEPLADHPNEAFNETAFNDLVGRSTPSSTGYNNGYYYSFWTDGGGDVTYTNGNGGSYSVQWSNVGNFVGGKGWNPGSSRAITYSGSFNPSGNGYLAVYGWTTDPLIEYYIVESYGTYNPGSGGTYKGQVTSDGGTYNIYTSVRTNAPSIIGTATFTQFWSVRTSKRVGGTVTTGNHFNAWAKYGLTLGTHNYQIVATEGYQSSGSSAITVY,,,
B8NER4,XYNF1_ASPFN,"Probable endo-1,4-beta-xylanase F1 (Xylanase F1) (EC 3.2.1.8) (1,4-beta-D-xylan xylanohydrolase F1)",Aspergillus flavus (strain ATCC 200026 / FGSC A1120 / IAM 13836 / NRRL 3357 / JCM 12722 / SRRC 167),3.2.1.8,332,MVQFSSIVQCTLLATAASAYVTSRQAAESLHDAFTAAGKKYFGNIAEQALLENPQNEPIIAADFGALTCENSMKWDATEPTQGGYNFDGADYVVNYAVEKGKLLRGHTLLWHSQLPSWVSQISDPATLTGVIQDHVTTLVSRWKGQIYAWDVVNEIFAEDGSLRESVFSNVLGEDFVRIAFEAARAADPDCKLYINDYNLDDASYSKTQGFVSKVGEWIAAGVPIDGIGMWLACLFKHAYAGGFPTSGAQAALEALASTGASEVAVTELDIGGATSDDWVNVVNACLNVEKCIGITVWGVSDKDSWRADESPLLFDVNYQPKDAYGAIIAAL,,,
Q4P902,XIN1_MYCMD,"Endo-1,4-beta-xylanase UM03411 (Xylanase UM03411) (EC 3.2.1.8) (1,4-beta-D-xylan xylanohydrolase UM03411)",Mycosarcoma maydis (Corn smut fungus) (Ustilago maydis),3.2.1.8,344,MKTNFLVLLSALLAASSAVTATLIPAKCKHEAFSQRAGSSLNAAIKSDGRKYFGTCADPGTLGNWQISNIIKAEMGQVTPENSMKWDATQPQRGTFNFGNADRLVDFATSNGKLIRGHTLVWHSQLPSWVSSITDANDLTNVIQNRIATVVGRYKGKVYAWDVVNEMFNENGSFRESVFYKLLGEDFVKIAFEAARKADPNAKLYINDYNLDDPDYPKLKSLVANVKKWRSQGVPIDGIGSQSHLQAAGHFLDASKVGGAMQALCAAASECAMTELDIAQASPDQYTKATEACLNQKNCVGITVWGVSDNTSWRKNANPLLWNSSYQKKPAYNAVLSTLNSYQA,,,
Q0CBM8,XYNC_ASPTN,"Probable endo-1,4-beta-xylanase C (Xylanase C) (EC 3.2.1.8) (1,4-beta-D-xylan xylanohydrolase C)",Aspergillus terreus (strain NIH 2624 / FGSC A1156),3.2.1.8,326,MVRLTVLAGFLLTSAACSACVIGERQAAASINNAFKAKGKKYFGTCGDQGTLSDSTNSAIVKADFGQLTPENSMKWDATEPNRGQFSFGGADYLVNYATSNGKMIRGHTLVWHSQLPGWVQGITDKNTLTSVLKNHITTVMQRYKGKIYAWDVVNEIFNEDGSLRKSVFYNVLGEDFVRIAFETARSVDPQAKLYINDYNLDNANYAKTKGMADHVRKWISQGIPIDGIGSQTHLGSGGSWTVKDALNTLASSGVSEVAITELDIAGASSTDYVNVVNACLSVSKCVGITVWGVSDKYSWRSNDKPLLFDSNFQPKAAYNAIISAL,,,
B0Y6E0,XYNC_ASPFC,"Probable endo-1,4-beta-xylanase C (Xylanase C) (EC 3.2.1.8) (1,4-beta-D-xylan xylanohydrolase C)",Aspergillus fumigatus (strain CBS 144.89 / FGSC A1163 / CEA10) (Neosartorya fumigata),3.2.1.8,316,MVVLSKLVSSILFVSLVSAGVIEERQAASINQAFTSHGKKYFGTASDQALLQKSQNEAIVRKDFGQLTPENSMKWDATEPSQGRFNFAGADFLVNYAKQNGKKVRGHTLVWHSQLPSWVSAISDKNTLTSVLKNHITTVMTRYKGQIYAWDVVNEIFNEDGSLRDSVFSRVLGEDFVRIAFETARSVDPSAKLYINDYNLDSASYGKTQGMVRYVKKWLAAGIPIDGIGTQTHLGALTALASSGVSEVAITELDIAGASSQDYVNVVKACLDVPKCVGITVWGVSDRDSWRSGSSPLLFDSNYQPKAAYNAIIAAL,,,
A1CHQ0,XYNC_ASPCL,"Probable endo-1,4-beta-xylanase C (Xylanase C) (EC 3.2.1.8) (1,4-beta-D-xylan xylanohydrolase C)",Aspergillus clavatus (strain ATCC 1007 / CBS 513.65 / DSM 816 / NCTC 3887 / NRRL 1 / QM 1276 / 107),3.2.1.8,317,MVVLSKIFSCALFLSLGSAAAIDIRQTSSINNAFKSHGKKYFGTCGDQNTLSIPQNSAIIKADFGALTPENSMKWDATEPSRGKFNFAGADHLVNYAKQNGKLVRGHTLVWYSQLPAWVKAISDKQTLTSVLKNHITTVMSRYKGQVYAWDVVNEIFEENGSLRNSVFYRVLGEDFVRIAFETARAVDPHAKLYINDYNLDSANYGKTQAMVKHVKKWLAAGIPIDGIGSQSHLSQALSALASTGVSEIAITELDIKGANPSEYVAVTKACLEVKKCIGITVWGVSDKNSWRKDNSPLLFDRNYNPKPAYNAIIAAL,,,
A1CX14,XYNC_NEOFI,"Probable endo-1,4-beta-xylanase C (Xylanase C) (EC 3.2.1.8) (1,4-beta-D-xylan xylanohydrolase C)",Neosartorya fischeri (strain ATCC 1020 / DSM 3700 / CBS 544.65 / FGSC A1164 / JCM 1740 / NRRL 181 / WB 181) (Aspergillus fischerianus),3.2.1.8,314,MVVLSKLISSILFASLVSAAVIERQATSINQAFTSHGKKYFGTASDQRLLQNSQNEAIVRKDFGQLTPENSMKWDATEPSRGSFNFAGADFLVNYAKQNGMKVRGHTLVWHSQLPSWVSAITDKNTLTSVLKNHITTVMTRYKGQIYHWDVVNEIFNEDGSLRDSVFSRVLGEDFVRIAFETARSVDPSAKLYINDYNLDSASYGKTQGMVSHVKKWLAAGIPIDGIGSQTHLALTALASSGVSEVAITELDIAGASSQDYVNVVNACLGVPKCVGITVWGVSDKDSWRSSSSPLLFDSNYQPKAAYNAIIAAL,,,
B8NXJ2,XYNF3_ASPFN,"Probable endo-1,4-beta-xylanase F3 (Xylanase F3) (EC 3.2.1.8) (1,4-beta-D-xylan xylanohydrolase F3)",Aspergillus flavus (strain ATCC 200026 / FGSC A1120 / IAM 13836 / NRRL 3357 / JCM 12722 / SRRC 167),3.2.1.8,324,MVHLKALASGTLFASLASSAVISRQAAASINDAFVAHGKKYFGTCSDQALLQNSQNEAIVRADFGQLTPENSMKWDALEPSQGSFSFAGADFLADYAKTNNKLVRGHTLVWHSQLPSWVQGITDKDTLTEVIKNHITTIMQRYKGQIYAWDVVNEIFDEDGTLRDSVFSQVLGEDFVRIAFETAREADPNAKLYINDYNLDSADYAKTKGMVSYVKKWLDAGVPIDGIVSLLPPRDEGLTSCTALTALASTGVSEVAVTELDIEGASSESYLEVVNACLDVSSCVGITVWGVSDKDSWRSSTSPLLFDSNYQAKDAYNAIIDAL,,,
G0RA32,XYN3_HYPJQ,"Endo-1,4-beta-xylanase 3 (Xylanase 3) (EC 3.2.1.8) (1,4-beta-D-xylan xylanohydrolase 3)",Hypocrea jecorina (strain QM6a) (Trichoderma reesei),3.2.1.8,347,MKANVILCLLAPLVAALPTETIHLDPELAALRANLTERTADLWDRQASQSIDQLIKRKGKLYFGTATDRGLLQREKNAAIIQADLGQVTPENSMKWQSLENNQGQLNWGDADYLVNFAQQNGKSIRGHTLIWHSQLPAWVNNINNADTLRQVIRTHVSTVVGRYKGKIRAWDVVNEIFNEDGTLRSSVFSRLLGEEFVSIAFRAARDADPSARLYINDYNLDRANYGKVNGLKTYVSKWISQGVPIDGIGSQSHLSGGGGSGTLGALQQLATVPVTELAITELDIQGAPTTDYTQVVQACLSVSKCVGITVWGISDKDSWRASTNPLLFDANFNPKPAYNSIVGILQ,,,
A0A024SIB3,XYN3_HYPJR,"Endo-1,4-beta-xylanase 3 (Xylanase 3) (EC 3.2.1.8) (1,4-beta-D-xylan xylanohydrolase 3)",Hypocrea jecorina (strain ATCC 56765 / BCRC 32924 / NRRL 11460 / Rut C-30) (Trichoderma reesei),3.2.1.8,347,MKANVILCLLAPLVAALPTETIHLDPELAALRANLTERTADLWDRQASQSIDQLIKRKGKLYFGTATDRGLLQREKNAAIIQADLGQVTPENSMKWQSLENNQGQLNWGDADYLVNFAQQNGKSIRGHTLIWHSQLPAWVNNINNADTLRQVIRTHVSTVVGRYKGKIRAWDVVNEIFNEDGTLRSSVFSRLLGEEFVSIAFRAARDADPSARLYINDYNLDRANYGKVNGLKTYVSKWISQGVPIDGIGSQSHLSGGGGSGTLGALQQLATVPVTELAITELDIQGAPTTDYTQVVQACLSVSKCVGITVWGISDKDSWRASTNPLLFDANFNPKPAYNSIVGILQ,,,
P48793,XYN_TRIHA,"Endo-1,4-beta-xylanase (Xylanase) (EC 3.2.1.8) (1,4-beta-D-xylan xylanohydrolase)",Trichoderma harzianum (Hypocrea lixii),3.2.1.8,190,QTIGPGTGYSNGYYYSYWNDGHAGVTYTNGGGGSFTVNWSNSGNFVAGKGWQPGTKNKVINFSGSYNPNGNSYLSIYGWSRNPLIEYYIVENFGTYNPSTGATKLGEVTSDGSVYDIYRTQRVNQPSIIGTATFYQYWSVRRNHRSSGSVNTANHFNAWASHGLTLGTMDYQIVAVEGYFSSGSASITVS,,,
P46239,GUNF_FUSOX,"Putative endoglucanase type F (EC 3.2.1.4) (Cellulase) (Endo-1,4-beta-glucanase)",Fusarium oxysporum (Fusarium vascular wilt),3.2.1.4,385,MHTLSVLLALAPVSALAQAPIWGQCGGNGWTGATTCASGLKCEKINDWYYQCVPGSGGSEPQPSSTQGGGTPQPTGGNSGGTGLDAKFKAKGKQYFGTEIDHYHLNNNPLINIVKAQFGQVTCENSMKWDAIEPSRNSFTFSNADKVVDFATQNGKLIRGHTLLWHSQLPQWVQNINDRSTLTAVIENHVKTMVTRYKGKILQWDVVNNEIFAEDGNLRDSVFSRVLGEDFVGIAFRAARAADPAAKLYINDYNLDKSDYAKVTRGMVAHVNKWIAAGIPIDGIGSQGHLAAPSGWNPASGVPAALRALAASDAKEIAITELDIAGASANDYLTVMNACLAVPKCVGITVWGVSDKDSWRPGDNPLLYDSNYQPKAAFNALANAL,,,
P55334,XYN1B_HUMIN,"Endo-1,4-beta-xylanase 1 (Xylanase 1) (EC 3.2.1.8) (1,4-beta-D-xylan xylanohydrolase 1)",Humicola insolens (Soft-rot fungus),3.2.1.8,227,MVSLKSVLAAATAVSSAIAAPFDFVPRDNSTALQARQVTPNAEGWHNGYFYSWWSDGGGQVQYTNLEGSRYQVRWRNTGNFVGGKGWNPGTGRTINYGGYFNPQGNGYLAVYGWTRNPLVEYYVIESYGTYNPGSQAQYKGTFYTDGDQYDIFVSTRYNQPSIDGTRTFQQYWSIRKNKRVGGSVNMQNHFNAWQQHGMPLGQHYYQVVATEGYQSSGESDIYVQTH,,,
